id,active,parent_id,broker_id,user_id,property_id,price,deed_of_sale_date,occupancy_date,status
1,TRUE,2,1,1,1,9274760,2024-12-29 21:16:41,2023-11-22 20:48:47,review
2,TRUE,2,1,2,2,5545274,2023-09-03 12:45:38,2024-03-31 10:43:11,review
3,TRUE,2,1,3,3,2538579,2024-10-22 17:49:53,2023-10-16 14:56:22,review
4,TRUE,2,1,4,4,612124,2024-06-14 16:29:22,2024-03-05 17:36:10,review
5,TRUE,2,1,5,5,9441627,2023-02-28 13:24:47,2022-12-12 00:11:25,review
6,TRUE,2,1,6,6,5619819,2023-12-27 17:48:34,2024-01-04 05:59:29,review
7,TRUE,2,1,7,7,1351220,2024-03-31 20:24:23,2023-04-26 12:10:35,review
8,TRUE,2,1,8,8,7054641,2024-08-06 18:18:35,2024-06-13 04:19:50,review
9,TRUE,2,1,9,9,2139970,2024-07-23 07:58:10,2023-10-08 02:53:16,review
10,TRUE,2,1,10,10,4503392,2024-04-26 23:19:38,2023-01-27 00:32:29,review
11,TRUE,2,1,11,11,2326540,2024-10-10 05:58:07,2024-01-23 05:26:14,review
12,TRUE,2,1,12,12,2498653,2023-09-25 15:09:23,2023-07-03 22:08:05,review
13,TRUE,2,1,13,13,8483134,2023-07-22 11:38:16,2024-02-19 04:38:46,review
14,TRUE,2,1,14,14,8109324,2023-09-13 02:39:08,2022-12-28 00:05:21,review
15,TRUE,2,1,15,15,2550581,2023-05-30 09:50:08,2024-08-30 23:42:31,review
16,TRUE,2,1,16,16,8046459,2023-11-01 08:14:19,2024-07-11 00:37:41,review
17,TRUE,2,1,17,17,6361687,2024-12-26 07:11:44,2024-04-06 23:24:31,review
18,TRUE,2,1,18,18,5564571,2024-07-15 05:33:26,2024-07-19 13:56:32,review
19,TRUE,2,1,19,19,1307026,2023-06-02 20:30:01,2023-06-30 08:27:53,review
20,TRUE,2,1,20,20,2573251,2024-01-22 05:09:58,2023-10-16 03:40:32,review
21,TRUE,2,1,21,21,9677967,2023-01-10 14:41:02,2024-08-17 14:51:11,review
22,TRUE,2,1,22,22,7106200,2023-08-22 03:23:33,2024-10-10 23:24:20,review
23,TRUE,2,1,23,23,2502817,2023-07-24 22:48:02,2023-10-17 13:20:35,review
24,TRUE,2,1,24,24,5659389,2023-07-01 02:59:42,2024-05-27 08:51:00,review
25,TRUE,2,1,25,25,177356,2023-08-27 03:34:56,2023-01-28 11:29:11,review
26,TRUE,2,1,26,26,5194863,2024-08-06 22:42:21,2023-06-18 14:54:54,review
27,TRUE,2,1,27,27,7395116,2023-06-28 11:07:38,2024-03-26 16:35:27,review
28,TRUE,2,1,28,28,82864,2022-12-06 05:22:48,2023-02-06 15:54:57,review
29,TRUE,2,1,29,29,4742014,2023-06-13 12:28:07,2022-12-14 09:46:52,review
30,TRUE,2,1,30,30,6741551,2023-04-19 10:34:15,2023-05-25 13:18:26,review
31,TRUE,3,2,31,31,4347924,2023-03-06 12:22:13,2024-02-27 10:28:47,review
32,TRUE,3,2,32,32,5193855,2022-11-11 06:09:34,2023-02-28 18:00:33,review
33,TRUE,3,2,33,33,3563183,2023-12-19 19:37:56,2024-07-02 21:30:20,review
34,TRUE,3,2,34,34,612704,2023-02-25 07:25:51,2023-09-17 09:46:24,review
35,TRUE,3,2,35,35,1663447,2023-12-28 01:01:37,2023-03-02 07:09:44,review
36,TRUE,3,2,36,36,3607635,2024-06-28 00:04:30,2024-08-16 12:52:27,review
37,TRUE,3,2,37,37,386436,2023-08-06 17:09:35,2023-02-03 16:31:56,review
38,TRUE,3,2,38,38,6717773,2022-12-20 04:39:39,2024-03-19 04:09:36,review
39,TRUE,3,2,39,39,4811188,2024-11-14 11:34:05,2023-10-10 09:02:09,review
40,TRUE,3,2,40,40,1802732,2023-09-22 08:50:36,2024-09-23 08:46:06,review
41,TRUE,3,2,41,41,319065,2024-02-26 17:22:31,2024-10-16 10:59:47,review
42,TRUE,3,2,42,42,8446090,2022-12-02 02:08:46,2024-04-21 13:12:18,review
43,TRUE,3,2,43,43,9732180,2023-11-03 23:50:21,2024-01-08 20:23:35,review
44,TRUE,3,2,44,44,4296584,2023-09-09 09:21:47,2023-06-08 07:37:31,review
45,TRUE,3,2,45,45,1170264,2022-11-14 17:37:44,2022-12-30 05:57:45,review
46,TRUE,3,2,46,46,7295811,2024-08-19 06:24:49,2024-03-04 09:21:05,review
47,TRUE,3,2,47,47,6815240,2024-02-20 14:41:51,2024-07-10 05:03:53,review
48,TRUE,3,2,48,48,7400969,2024-06-15 07:21:31,2024-09-06 03:21:29,review
49,TRUE,3,2,49,49,4954232,2023-03-30 10:33:50,2023-11-25 02:39:11,review
50,TRUE,3,2,50,50,5577708,2023-09-30 23:44:10,2023-06-12 14:59:48,review
51,TRUE,3,2,51,51,4552039,2023-10-24 04:27:20,2024-07-09 05:17:10,review
52,TRUE,3,2,52,52,8258040,2023-08-31 02:03:25,2023-07-02 11:44:13,review
53,TRUE,3,2,53,53,271275,2024-01-15 21:33:42,2023-12-17 12:08:06,review
54,TRUE,3,2,54,54,2120275,2024-12-04 02:42:21,2022-12-20 11:59:55,review
55,TRUE,3,2,55,55,9105741,2024-04-25 09:39:41,2023-12-31 15:43:19,review
56,TRUE,3,2,56,56,3602940,2023-11-07 07:19:52,2023-02-06 16:46:59,review
57,TRUE,3,2,57,57,5480698,2024-04-22 03:37:30,2023-08-21 06:13:07,review
58,TRUE,3,2,58,58,1085314,2023-05-02 19:35:15,2023-01-15 04:30:56,review
59,TRUE,3,2,59,59,3247007,2024-12-23 15:01:02,2024-10-21 00:41:21,review
60,TRUE,3,2,60,60,5366578,2024-12-20 02:10:19,2024-09-12 19:53:14,review
61,TRUE,3,3,61,61,395993,2023-07-11 16:14:39,2023-02-01 02:58:29,review
62,TRUE,3,3,62,62,9687297,2023-06-25 15:48:18,2023-01-01 10:08:01,review
63,TRUE,3,3,63,63,7136324,2023-08-10 01:00:49,2024-07-11 13:35:54,review
64,TRUE,3,3,64,64,4270999,2023-05-08 14:03:37,2024-02-13 13:40:26,review
65,TRUE,4,3,65,65,1521381,2024-02-12 02:19:30,2023-07-09 15:03:26,review
66,TRUE,4,3,66,66,7552559,2023-01-25 07:15:49,2024-04-12 18:11:47,review
67,TRUE,4,3,67,67,5717426,2024-02-01 21:55:47,2023-07-09 22:06:17,review
68,TRUE,4,3,68,68,172965,2024-03-27 11:48:23,2024-05-03 15:16:49,review
69,TRUE,4,3,69,69,3698316,2023-07-19 12:03:24,2024-02-01 07:38:27,review
70,TRUE,4,3,70,70,5572302,2024-04-15 03:51:19,2024-01-25 06:09:50,review
71,TRUE,4,3,71,71,5653186,2024-01-28 04:46:13,2023-09-30 22:01:16,review
72,TRUE,4,3,72,72,1270068,2023-07-16 03:47:05,2024-05-07 19:50:16,review
73,TRUE,4,3,73,73,4258842,2023-11-29 01:07:38,2024-06-04 09:38:09,review
74,TRUE,4,3,74,74,4737003,2024-09-27 06:44:10,2024-04-02 12:26:23,review
75,TRUE,4,3,75,75,9977025,2023-01-06 07:10:16,2023-12-03 08:55:32,review
76,TRUE,4,3,76,76,8600979,2024-05-14 16:14:16,2024-06-03 22:08:32,review
77,TRUE,4,3,77,77,3592186,2023-11-08 05:12:41,2024-12-01 22:17:13,review
78,TRUE,4,3,78,78,2515945,2022-12-20 07:37:26,2023-11-29 14:22:06,review
79,TRUE,4,3,79,79,6415986,2023-05-23 16:06:23,2024-07-29 07:38:05,review
80,TRUE,4,3,80,80,9958507,2023-02-01 19:24:24,2024-01-20 17:00:30,review
81,TRUE,4,3,81,81,1646582,2024-11-23 23:42:04,2023-08-23 12:47:10,review
82,TRUE,4,3,82,82,2471261,2023-10-22 12:46:35,2024-03-08 16:15:36,review
83,TRUE,4,3,83,83,5479739,2023-11-01 08:10:05,2023-05-24 01:51:36,review
84,TRUE,4,3,84,84,2961251,2024-02-16 03:30:43,2023-03-17 23:59:03,review
85,TRUE,4,3,85,85,2890313,2024-08-05 22:40:36,2023-06-23 04:14:10,review
86,TRUE,4,3,86,86,2948872,2024-06-28 18:16:08,2022-12-05 05:02:27,review
87,TRUE,4,3,87,87,7198337,2024-03-13 17:19:41,2024-03-07 14:27:59,review
88,TRUE,4,3,88,88,3936324,2023-10-08 10:54:18,2024-01-18 13:20:22,review
89,TRUE,4,3,89,89,3219789,2023-01-29 09:48:38,2023-11-04 09:33:09,review
90,TRUE,4,3,90,90,279602,2023-12-21 20:54:58,2024-01-29 19:32:11,review
91,TRUE,4,3,91,91,4708573,2024-12-25 11:39:05,2023-01-04 20:12:25,review
92,TRUE,4,3,92,92,205514,2023-06-28 02:20:28,2024-12-23 17:13:01,review
93,TRUE,4,3,93,93,8620193,2024-01-24 02:27:32,2024-09-02 20:41:33,review
94,TRUE,4,3,94,94,6373990,2023-09-19 04:55:33,2024-07-19 21:43:09,review
95,TRUE,5,4,95,95,9402214,2024-12-27 21:03:44,2023-10-03 20:29:53,review
96,TRUE,5,4,96,96,863826,2023-04-03 03:30:49,2023-06-16 21:00:46,review
97,TRUE,5,4,97,97,5568298,2024-02-19 15:38:44,2024-10-31 08:58:05,review
98,TRUE,5,4,98,98,5590746,2024-03-23 23:58:04,2024-05-29 14:56:37,review
99,TRUE,5,4,99,99,3009167,2024-11-25 09:24:38,2023-06-09 23:03:09,review
100,TRUE,5,4,100,100,6378026,2022-12-30 18:54:55,2024-11-29 11:51:37,review
101,TRUE,5,4,101,101,9640109,2022-11-30 02:21:07,2023-06-20 20:02:56,review
102,TRUE,5,4,102,102,4412676,2024-08-28 20:45:00,2023-05-23 19:41:52,review
103,TRUE,5,4,103,103,650771,2024-10-17 21:02:17,2023-09-16 12:28:12,review
104,TRUE,5,4,104,104,1850951,2024-10-04 01:29:03,2024-09-08 13:50:47,review
105,TRUE,5,4,105,105,4037996,2023-06-28 21:56:45,2024-12-18 21:19:13,review
106,TRUE,5,4,106,106,7072933,2024-03-26 03:52:00,2023-04-18 04:17:10,review
107,TRUE,5,4,107,107,303237,2024-06-07 13:55:11,2023-05-22 18:33:00,review
108,TRUE,5,4,108,108,8428585,2023-07-14 16:34:24,2023-04-30 01:51:09,review
109,TRUE,5,4,109,109,3598099,2023-01-01 09:33:52,2024-11-04 10:12:59,review
110,TRUE,5,4,110,110,5552672,2023-09-03 00:52:02,2023-03-14 16:30:58,review
111,TRUE,5,4,111,111,6179467,2023-02-07 10:58:57,2023-04-03 01:10:57,review
112,TRUE,5,4,112,112,6624652,2023-01-18 16:53:30,2024-03-15 21:58:34,review
113,TRUE,5,4,113,113,3834687,2023-04-23 17:25:39,2023-03-18 05:58:04,review
114,TRUE,5,4,114,114,5240702,2023-07-17 16:14:43,2022-11-17 13:27:01,review
115,TRUE,5,4,115,115,284747,2024-03-24 01:57:44,2024-12-27 22:40:28,review
116,TRUE,5,4,116,116,1029458,2022-12-28 20:02:32,2023-02-15 03:12:45,review
117,TRUE,5,4,117,117,1283644,2023-05-27 09:21:25,2023-10-12 03:49:54,review
118,TRUE,5,4,118,118,4419075,2024-11-06 15:58:37,2024-06-01 05:30:51,review
119,TRUE,5,4,119,119,7322551,2023-01-29 23:15:30,2024-06-08 23:28:37,review
120,TRUE,5,4,120,120,5124388,2023-01-11 05:10:39,2024-06-10 13:09:25,review
121,TRUE,5,4,121,121,5078305,2023-10-20 14:58:11,2024-02-07 12:53:51,review
122,TRUE,5,4,122,122,8762371,2023-10-04 16:45:09,2023-09-19 19:32:16,review
123,TRUE,5,4,123,123,9254717,2023-09-15 02:05:09,2023-11-08 06:39:29,review
124,TRUE,5,4,124,124,1803291,2023-11-30 03:44:26,2024-04-19 14:53:14,review
125,TRUE,5,5,125,125,581055,2024-08-13 07:59:14,2024-10-13 20:11:54,review
126,TRUE,5,5,126,126,6929471,2024-02-05 16:40:55,2024-06-23 02:30:34,review
127,TRUE,5,5,127,127,5882977,2023-09-08 00:23:08,2022-12-03 11:31:59,review
128,TRUE,5,5,128,128,1800883,2023-11-19 11:29:09,2023-03-14 14:20:54,review
129,TRUE,5,5,129,129,909792,2022-12-02 03:57:59,2023-07-13 12:36:34,review
130,TRUE,5,5,130,130,1231174,2023-05-20 23:28:57,2023-09-10 03:21:06,review
131,TRUE,5,5,131,131,3917173,2024-10-08 23:51:54,2024-02-03 22:40:51,review
132,TRUE,6,5,132,132,7045086,2023-01-10 21:42:52,2024-03-15 07:42:36,review
133,TRUE,6,5,133,133,5245307,2022-11-28 07:15:57,2024-10-21 09:53:16,review
134,TRUE,6,5,134,134,2097303,2024-05-20 07:07:59,2023-04-13 05:10:19,review
135,TRUE,6,5,135,135,9515662,2024-09-14 23:32:33,2024-09-03 02:40:29,review
136,TRUE,6,5,136,136,5276351,2023-08-13 13:01:40,2022-12-14 13:05:41,review
137,TRUE,6,5,137,137,3948889,2024-04-12 21:08:10,2024-05-02 21:01:12,review
138,TRUE,6,5,138,138,8910067,2024-05-28 20:37:55,2022-12-26 15:08:49,review
139,TRUE,6,5,139,139,4994994,2024-03-16 03:43:36,2024-03-02 21:51:03,review
140,TRUE,6,5,140,140,4611037,2024-10-03 04:08:22,2023-11-12 04:33:05,review
141,TRUE,6,5,141,141,3263355,2023-12-27 14:27:04,2024-06-15 04:24:20,review
142,TRUE,6,5,142,142,1201586,2024-08-12 07:32:07,2023-11-06 20:15:28,review
143,TRUE,6,5,143,143,3209340,2023-02-22 05:53:24,2023-04-23 20:35:51,review
144,TRUE,6,5,144,144,5716861,2023-12-17 05:44:04,2024-08-23 17:06:12,review
145,TRUE,6,5,145,145,182870,2023-04-02 11:29:53,2024-02-16 13:19:46,review
146,TRUE,6,5,146,146,6786038,2023-06-13 10:57:53,2023-12-12 21:48:38,review
147,TRUE,6,5,147,147,2520155,2023-01-19 20:05:31,2023-08-09 02:22:55,review
148,TRUE,6,5,148,148,6317849,2023-01-15 17:49:18,2024-12-16 08:41:20,review
149,TRUE,6,5,149,149,6256628,2023-07-18 07:55:00,2023-06-09 11:38:19,review
150,TRUE,6,5,150,150,2884533,2024-02-07 01:33:51,2024-01-24 04:15:04,review
151,TRUE,6,5,151,151,918848,2023-01-04 22:38:06,2023-02-15 18:52:42,review
152,TRUE,6,5,152,152,5338123,2024-09-12 10:15:29,2024-04-10 07:16:52,review
153,TRUE,6,5,153,153,581893,2024-10-06 04:05:16,2024-02-18 10:00:57,review
154,TRUE,6,5,154,154,5658985,2024-01-24 13:51:59,2024-03-14 20:41:11,review
155,TRUE,6,5,155,155,1332565,2023-03-08 19:30:09,2023-11-21 10:40:44,review
156,TRUE,6,5,156,156,334768,2023-10-03 07:36:22,2024-02-02 11:53:21,review
157,TRUE,6,5,157,157,7570413,2023-09-15 14:17:44,2022-11-30 00:44:14,review
158,TRUE,6,5,158,158,7047714,2024-03-01 07:30:52,2022-12-01 22:17:43,review
159,TRUE,6,5,159,159,2740990,2024-12-19 19:44:52,2024-08-26 20:29:33,review
160,TRUE,6,5,160,160,1456128,2024-10-17 00:09:32,2023-08-13 04:14:20,review
161,TRUE,6,5,161,161,8851309,2024-06-15 21:36:29,2024-05-22 16:52:27,review
162,TRUE,6,6,162,162,6282299,2024-06-13 15:50:36,2023-04-04 04:59:38,review
163,TRUE,6,6,163,163,1137407,2024-02-21 12:33:10,2023-10-15 01:04:07,review
164,TRUE,6,6,164,164,8832242,2024-02-08 13:00:35,2024-06-23 07:02:25,review
165,TRUE,6,6,165,165,8452506,2024-09-17 09:37:38,2024-10-04 03:50:58,review
166,TRUE,6,6,166,166,9616426,2023-07-30 15:41:22,2023-01-29 00:35:56,review
167,TRUE,6,6,167,167,5038531,2023-08-19 19:11:15,2023-08-31 07:44:08,review
168,TRUE,6,6,168,168,1469041,2024-04-24 07:13:22,2024-11-13 11:46:58,review
169,TRUE,6,6,169,169,7701736,2023-05-21 09:09:08,2023-01-12 06:34:45,review
170,TRUE,6,6,170,170,1877134,2023-03-01 14:29:14,2023-11-24 15:58:01,review
171,TRUE,7,6,171,171,1483774,2024-06-05 10:09:01,2024-03-06 10:28:33,review
172,TRUE,7,6,172,172,5178785,2023-05-07 09:24:53,2024-07-16 04:40:23,review
173,TRUE,7,6,173,173,9622726,2023-08-30 02:06:34,2023-02-10 21:34:16,review
174,TRUE,7,6,174,174,4326553,2024-02-07 13:07:40,2024-10-10 17:29:55,review
175,TRUE,7,6,175,175,2438920,2024-09-08 03:17:37,2024-08-11 16:22:09,review
176,TRUE,7,6,176,176,6700047,2023-08-22 15:35:07,2024-01-11 04:05:27,review
177,TRUE,7,6,177,177,5740098,2023-03-12 19:48:08,2024-12-23 03:11:00,review
178,TRUE,7,6,178,178,3527803,2024-11-24 09:08:00,2024-04-08 06:15:50,review
179,TRUE,7,6,179,179,5525534,2024-10-24 15:25:59,2023-04-15 15:59:51,review
180,TRUE,7,6,180,180,243648,2024-04-02 18:03:22,2024-10-23 00:47:33,review
181,TRUE,7,6,181,181,5310649,2024-12-26 10:49:52,2023-08-30 15:26:14,review
182,TRUE,7,6,182,182,9572805,2023-04-26 14:07:46,2024-08-08 23:10:01,review
183,TRUE,7,6,183,183,3993628,2024-10-23 08:33:26,2023-03-13 23:44:31,review
184,TRUE,7,6,184,184,4139229,2023-01-02 19:10:14,2024-06-09 18:41:57,review
185,TRUE,7,6,185,185,834828,2023-03-28 15:37:31,2023-08-16 12:28:06,review
186,TRUE,7,6,186,186,4352168,2024-02-12 22:41:38,2023-08-24 18:49:06,review
187,TRUE,7,6,187,187,6247589,2024-03-27 04:17:23,2023-05-02 04:37:19,review
188,TRUE,7,6,188,188,7233830,2023-05-17 19:09:20,2023-10-07 02:40:09,review
189,TRUE,7,6,189,189,5289637,2023-03-22 22:25:13,2024-08-06 07:27:21,review
190,TRUE,7,6,190,190,704776,2023-07-23 22:50:43,2023-06-01 15:36:27,review
191,TRUE,7,6,191,191,4719108,2023-09-12 16:31:18,2023-12-10 10:07:30,review
192,TRUE,7,6,192,192,9905206,2024-09-14 01:32:10,2023-01-01 19:42:34,review
193,TRUE,7,6,193,193,1536885,2023-01-21 14:39:43,2023-10-14 08:03:29,review
194,TRUE,7,6,194,194,3247484,2022-11-26 02:16:22,2024-11-23 08:37:56,review
195,TRUE,7,6,195,195,7662659,2024-11-12 23:21:30,2024-06-06 11:00:42,review
196,TRUE,7,6,196,196,6866998,2023-12-25 22:25:11,2023-09-19 06:00:10,review
197,TRUE,7,6,197,197,6974872,2023-12-25 09:04:47,2024-07-17 20:41:55,review
198,TRUE,7,6,198,198,1808212,2024-06-29 19:45:11,2023-03-10 00:02:18,review
199,TRUE,7,6,199,199,9907862,2023-03-27 18:21:03,2024-06-27 01:50:45,review
200,TRUE,7,6,200,200,2917201,2023-01-27 22:58:44,2023-12-09 00:56:30,review
201,TRUE,7,7,201,201,3207983,2024-10-23 13:17:57,2023-08-08 10:27:47,review
202,TRUE,7,7,202,202,5647935,2023-12-12 07:02:10,2024-06-11 08:19:02,review
203,TRUE,7,7,203,203,981067,2023-07-31 10:18:28,2023-03-21 23:42:22,review
204,TRUE,7,7,204,204,7780256,2023-02-03 13:24:17,2024-06-25 02:17:50,review
205,TRUE,8,7,205,205,9363917,2024-06-21 21:54:17,2023-10-11 14:28:33,review
206,TRUE,8,7,206,206,7845269,2023-02-07 17:56:05,2023-03-03 08:18:21,review
207,TRUE,8,7,207,207,8736162,2023-12-19 00:17:33,2023-01-22 14:17:25,review
208,TRUE,8,7,208,208,9967725,2023-10-23 06:00:59,2024-01-19 22:16:33,review
209,TRUE,8,7,209,209,5547879,2024-10-16 02:47:57,2022-11-14 21:55:10,review
210,TRUE,8,7,210,210,8843575,2024-07-29 02:37:04,2024-08-27 12:00:47,review
211,TRUE,8,7,211,211,8195969,2024-06-28 09:43:24,2023-03-14 08:01:07,review
212,TRUE,8,7,212,212,2898820,2023-02-14 05:32:45,2023-08-10 20:12:33,review
213,TRUE,8,7,213,213,2185330,2023-01-06 10:04:23,2022-12-20 02:54:22,review
214,TRUE,8,7,214,214,6874851,2023-03-09 18:13:10,2024-01-16 14:21:15,review
215,TRUE,8,7,215,215,7114192,2023-12-02 01:52:02,2022-12-19 05:28:31,review
216,TRUE,8,7,216,216,44676,2024-07-13 20:56:47,2023-05-15 11:09:47,review
217,TRUE,8,7,217,217,5409711,2024-09-27 11:54:28,2022-11-21 23:10:41,review
218,TRUE,8,7,218,218,4566956,2023-05-31 15:01:15,2024-02-24 04:48:39,review
219,TRUE,8,7,219,219,4762152,2024-08-22 14:03:55,2023-11-17 08:03:55,review
220,TRUE,8,7,220,220,5996804,2023-08-23 23:08:38,2024-08-15 09:07:57,review
221,TRUE,8,7,221,221,2078315,2023-10-15 11:02:01,2023-03-30 08:51:19,review
222,TRUE,8,7,222,222,3951804,2024-08-24 10:15:56,2023-04-20 03:56:41,review
223,TRUE,8,7,223,223,3077396,2023-04-24 14:45:27,2024-03-03 11:20:29,review
224,TRUE,8,7,224,224,5075249,2023-05-02 13:20:20,2023-05-22 06:33:58,review
225,TRUE,8,7,225,225,50700,2023-04-18 01:39:55,2023-09-05 04:05:06,review
226,TRUE,8,7,226,226,9097417,2024-12-29 10:33:35,2024-01-03 00:33:24,review
227,TRUE,8,7,227,227,8820025,2024-06-12 04:06:23,2023-06-06 18:47:41,review
228,TRUE,8,7,228,228,1901187,2024-06-30 23:15:31,2024-10-18 11:17:23,review
229,TRUE,8,7,229,229,9556138,2024-01-23 10:55:31,2024-06-03 08:32:20,review
230,TRUE,8,7,230,230,2163460,2023-05-13 06:09:39,2023-06-27 07:14:42,review
231,TRUE,8,7,231,231,9089948,2022-12-10 08:25:06,2024-08-13 14:11:46,review
232,TRUE,8,7,232,232,4188963,2023-07-29 12:24:49,2024-10-13 11:43:19,review
233,TRUE,8,7,233,233,2615044,2024-01-19 20:41:51,2023-12-15 07:27:15,review
234,TRUE,8,7,234,234,248383,2024-04-20 20:19:10,2023-09-24 06:17:39,review
235,TRUE,8,8,235,235,3183753,2023-01-22 03:29:55,2023-11-05 15:06:46,review
236,TRUE,8,8,236,236,1979738,2024-04-07 19:08:33,2022-12-17 08:20:32,review
237,TRUE,8,8,237,237,947222,2024-07-23 16:33:48,2023-07-11 21:31:18,review
238,TRUE,8,8,238,238,1005106,2024-07-20 08:27:18,2024-04-18 01:14:01,review
239,TRUE,9,8,239,239,3745537,2023-02-10 20:26:45,2023-01-16 18:27:36,review
240,TRUE,9,8,240,240,6740285,2023-08-12 08:19:16,2022-12-25 07:54:55,review
241,TRUE,9,8,241,241,2374106,2023-07-23 17:09:25,2022-11-28 11:20:04,review
242,TRUE,9,8,242,242,8457213,2023-01-16 01:43:22,2024-11-07 16:39:26,review
243,TRUE,9,8,243,243,3446089,2024-06-07 08:48:55,2023-12-14 07:51:00,review
244,TRUE,9,8,244,244,1546659,2024-01-26 18:32:35,2023-05-06 09:11:16,review
245,TRUE,9,8,245,245,5535591,2024-01-03 04:21:48,2023-04-26 20:43:32,review
246,TRUE,9,8,246,246,486558,2023-11-30 19:44:56,2024-03-13 18:50:39,review
247,TRUE,9,8,247,247,13438,2024-05-10 05:01:30,2023-09-15 02:30:25,review
248,TRUE,9,8,248,248,9278171,2023-07-13 20:10:15,2024-10-02 01:41:27,review
249,TRUE,9,8,249,249,8502501,2023-07-15 08:31:28,2024-08-09 02:10:18,review
250,TRUE,9,8,250,250,488346,2023-12-08 13:20:06,2024-05-12 20:34:55,review
251,TRUE,9,8,251,251,348499,2023-01-16 22:14:08,2024-02-27 02:59:33,review
252,TRUE,9,8,252,252,9059693,2023-06-18 14:18:10,2023-12-08 19:14:48,review
253,TRUE,9,8,253,253,6090928,2023-08-17 03:17:27,2023-08-13 05:18:45,review
254,TRUE,9,8,254,254,4336418,2024-07-06 22:57:07,2024-06-27 19:43:46,review
255,TRUE,9,8,255,255,33198,2024-07-15 04:49:20,2023-01-26 11:34:07,review
256,TRUE,9,8,256,256,176682,2023-04-30 08:20:09,2023-02-06 04:41:20,review
257,TRUE,9,8,257,257,5048982,2023-03-24 12:12:22,2024-03-25 23:24:57,review
258,TRUE,9,8,258,258,455315,2023-01-04 11:49:52,2023-10-13 02:57:01,review
259,TRUE,9,8,259,259,8197620,2023-05-21 12:30:21,2024-03-13 04:59:26,review
260,TRUE,9,8,260,260,8395387,2024-03-24 21:40:36,2023-07-08 01:38:57,review
261,TRUE,9,8,261,261,5439204,2023-08-21 18:20:18,2023-04-10 00:01:41,review
262,TRUE,9,8,262,262,4276142,2024-12-14 02:41:49,2024-08-01 03:53:00,review
263,TRUE,9,8,263,263,8243118,2023-06-28 07:05:02,2023-03-24 19:38:00,review
264,TRUE,9,8,264,264,6076416,2023-04-01 02:18:16,2023-09-16 14:43:08,review
265,TRUE,9,8,265,265,4089812,2023-04-24 13:06:40,2023-10-03 12:20:51,review
266,TRUE,9,8,266,266,912749,2023-03-11 23:39:02,2023-05-10 21:39:56,review
267,TRUE,10,8,267,267,7063468,2023-10-17 07:05:24,2023-09-30 04:26:47,review
268,TRUE,10,8,268,268,1950839,2022-12-28 22:36:57,2024-02-07 09:51:31,review
269,TRUE,10,9,269,269,6004482,2024-02-07 23:16:10,2024-03-23 15:16:27,review
270,TRUE,10,9,270,270,431239,2023-03-23 18:42:01,2024-10-26 08:04:52,review
271,TRUE,10,9,271,271,1357655,2023-02-06 06:30:54,2023-01-06 15:39:47,review
272,TRUE,10,9,272,272,3986422,2023-12-07 06:55:50,2023-01-05 06:44:51,review
273,TRUE,10,9,273,273,4081286,2023-12-08 20:59:32,2023-07-01 13:49:19,review
274,TRUE,10,9,274,274,8936872,2023-12-07 02:22:31,2023-10-11 14:16:01,review
275,TRUE,10,9,275,275,3726073,2024-12-25 18:24:26,2023-10-19 09:23:30,review
276,TRUE,10,9,276,276,4543554,2023-07-26 06:14:47,2024-06-03 15:25:14,review
277,TRUE,10,9,277,277,7377402,2024-03-17 14:13:58,2023-03-16 20:02:25,review
278,TRUE,10,9,278,278,7385214,2024-08-06 00:52:14,2024-02-09 07:33:22,review
279,TRUE,10,9,279,279,344164,2024-07-22 17:11:39,2023-06-22 02:02:31,review
280,TRUE,10,9,280,280,1042141,2023-07-15 08:36:26,2023-05-12 01:11:31,review
281,TRUE,10,9,281,281,8696892,2024-07-31 21:14:08,2024-06-23 19:09:56,review
282,TRUE,10,9,282,282,5642092,2024-03-04 09:01:21,2023-07-09 21:20:59,review
283,TRUE,10,9,283,283,3897533,2023-08-28 04:15:33,2024-12-05 10:11:48,review
284,TRUE,10,9,284,284,3242907,2024-12-26 13:59:17,2023-02-05 23:40:50,review
285,TRUE,10,9,285,285,104255,2024-09-25 21:31:56,2024-12-20 18:33:32,review
286,TRUE,10,9,286,286,6239092,2024-04-08 12:19:25,2024-11-24 08:03:03,review
287,TRUE,10,9,287,287,8374081,2023-03-22 00:29:08,2024-07-12 12:51:27,review
288,TRUE,10,9,288,288,3814066,2023-04-16 22:23:12,2023-05-19 02:44:01,review
289,TRUE,10,9,289,289,5453137,2023-01-04 19:31:22,2023-05-22 18:00:57,review
290,TRUE,10,9,290,290,8223688,2023-11-23 01:36:35,2024-09-13 15:47:57,review
291,TRUE,10,9,291,291,3350700,2024-12-27 08:37:46,2024-06-23 04:17:56,review
292,TRUE,10,9,292,292,6914337,2023-09-14 13:36:52,2022-11-23 16:34:00,review
293,TRUE,10,9,293,293,690804,2022-12-24 19:13:53,2023-04-22 02:34:30,review
294,TRUE,10,9,294,294,8513393,2023-09-04 14:56:23,2023-01-06 10:20:39,review
295,TRUE,10,9,295,295,4552592,2023-11-03 16:00:47,2024-07-05 15:48:55,review
296,TRUE,10,9,296,296,8367543,2023-09-26 03:24:01,2023-01-09 02:10:56,review
297,TRUE,10,10,297,297,1071971,2024-01-13 05:06:23,2023-09-23 08:41:36,review
298,TRUE,10,10,298,298,5465882,2023-11-19 11:49:10,2024-12-05 05:18:28,review
299,TRUE,10,10,299,299,876512,2023-03-06 06:24:45,2024-12-19 23:38:37,review
300,TRUE,10,10,300,300,7225651,2022-11-14 03:13:29,2024-02-06 08:47:47,review
301,TRUE,10,10,301,301,9725873,2023-12-24 08:02:00,2024-09-23 12:42:19,review
302,TRUE,10,10,302,302,2197367,2023-06-04 15:05:52,2022-12-29 11:56:49,review
303,TRUE,10,10,303,303,7113318,2024-08-26 03:53:11,2024-10-25 01:00:50,review
304,TRUE,10,10,304,304,8107559,2023-09-08 11:12:27,2023-08-22 16:49:02,review
305,TRUE,10,10,305,305,2486126,2023-10-09 12:20:57,2023-04-21 16:37:34,review
306,TRUE,10,10,306,306,4147180,2024-10-04 08:01:41,2023-10-04 16:53:18,review
307,TRUE,10,10,307,307,7970472,2024-06-01 03:19:50,2023-12-15 08:13:08,review
308,TRUE,11,10,308,308,5593671,2023-11-26 19:29:49,2024-08-15 00:49:17,review
309,TRUE,11,10,309,309,3199749,2023-01-21 12:45:59,2023-07-15 21:35:22,review
310,TRUE,11,10,310,310,8562675,2024-08-26 14:51:31,2024-07-05 11:19:05,review
311,TRUE,11,10,311,311,1700499,2024-11-22 19:34:15,2023-09-02 04:49:18,review
312,TRUE,11,10,312,312,9559091,2024-09-21 11:08:42,2023-10-20 09:17:10,review
313,TRUE,11,10,313,313,6216126,2024-07-11 11:31:41,2023-10-18 07:04:19,review
314,TRUE,11,10,314,314,5388190,2024-01-25 19:31:30,2022-12-08 13:28:34,review
315,TRUE,11,10,315,315,3202309,2023-10-31 11:40:11,2024-05-21 03:38:53,review
316,TRUE,11,10,316,316,5740133,2023-03-22 19:37:27,2023-06-29 05:44:41,review
317,TRUE,11,10,317,317,1967442,2024-07-09 19:40:15,2023-09-04 06:53:49,review
318,TRUE,11,10,318,318,5561278,2023-03-27 05:27:55,2022-11-11 16:24:16,review
319,TRUE,11,10,319,319,5032935,2024-08-14 17:23:22,2023-10-09 05:03:45,review
320,TRUE,11,10,320,320,2195922,2023-12-13 11:59:51,2023-07-22 13:48:12,review
321,TRUE,11,10,321,321,4410814,2023-08-19 06:22:46,2024-12-18 17:30:26,review
322,TRUE,11,10,322,322,8889188,2023-03-14 23:39:11,2024-05-24 16:08:19,review
323,TRUE,11,10,323,323,3003429,2023-04-24 11:02:26,2024-08-29 08:32:21,review
324,TRUE,11,10,324,324,6679050,2023-12-05 22:38:45,2024-01-04 04:40:49,review
325,TRUE,11,10,325,325,4910316,2023-10-23 06:43:56,2024-02-01 14:08:58,review
326,TRUE,11,10,326,326,1344548,2024-04-02 23:10:14,2023-12-06 19:17:38,review
327,TRUE,11,10,327,327,9884103,2024-12-28 14:20:03,2024-04-16 17:46:48,review
328,TRUE,11,10,328,328,5580072,2024-04-29 16:15:45,2024-05-05 11:19:17,review
329,TRUE,11,10,329,329,2386101,2024-02-06 23:38:07,2024-04-08 21:17:18,review
330,TRUE,11,10,330,330,6331507,2023-02-20 12:49:31,2023-06-08 20:27:01,review
331,TRUE,11,10,331,331,4769941,2024-05-29 18:53:35,2024-12-22 16:57:42,review
332,TRUE,11,10,332,332,1196615,2023-11-02 07:55:34,2024-12-07 22:28:17,review
333,TRUE,11,10,333,333,541837,2024-03-27 04:12:13,2024-11-08 10:09:53,review
334,TRUE,11,10,334,334,3875354,2024-03-16 05:10:54,2023-03-12 18:26:52,review
335,TRUE,11,10,335,335,8898272,2022-11-16 14:20:59,2024-09-10 23:09:52,review
336,TRUE,11,10,336,336,6402809,2024-09-04 07:41:22,2023-08-05 08:50:43,review
337,TRUE,11,10,337,337,1427879,2023-06-10 15:29:36,2024-10-25 21:26:05,review
338,TRUE,11,11,338,338,8207964,2024-02-17 17:16:28,2024-11-10 14:10:51,review
339,TRUE,11,11,339,339,3017428,2024-11-10 05:10:59,2024-02-04 18:52:43,review
340,TRUE,11,11,340,340,3914115,2024-01-12 22:13:01,2023-07-17 20:24:44,review
341,TRUE,11,11,341,341,9804291,2023-04-06 20:44:25,2022-12-28 17:51:31,review
342,TRUE,11,11,342,342,3602165,2023-01-30 15:35:44,2024-03-10 13:20:12,review
343,TRUE,11,11,343,343,4321882,2023-08-14 07:23:04,2024-07-24 10:48:40,review
344,TRUE,12,11,344,344,1929949,2024-04-18 02:40:30,2024-07-08 11:36:30,review
345,TRUE,12,11,345,345,3157418,2024-02-13 03:14:04,2023-02-13 14:00:38,review
346,TRUE,12,11,346,346,5023129,2024-04-09 19:11:38,2024-05-21 15:00:12,review
347,TRUE,12,11,347,347,9607343,2023-01-03 18:37:45,2024-03-14 07:40:48,review
348,TRUE,12,11,348,348,9833129,2023-04-20 07:12:36,2022-11-27 04:45:50,review
349,TRUE,12,11,349,349,684409,2022-11-09 23:16:18,2024-08-15 09:47:41,review
350,TRUE,12,11,350,350,5235328,2024-08-03 04:40:30,2024-03-20 17:13:09,review
351,TRUE,12,11,351,351,9344412,2022-12-17 08:45:04,2024-06-27 01:23:34,review
352,TRUE,12,11,352,352,4090726,2023-05-22 00:07:29,2024-04-16 19:20:24,review
353,TRUE,12,11,353,353,7705131,2024-02-21 22:41:09,2024-10-23 14:14:46,review
354,TRUE,12,11,354,354,9355115,2023-06-30 11:01:26,2024-06-21 02:06:19,review
355,TRUE,12,11,355,355,4766437,2023-04-17 06:03:55,2023-12-27 16:48:15,review
356,TRUE,12,11,356,356,7875208,2022-12-31 05:04:51,2024-08-22 07:00:02,review
357,TRUE,12,11,357,357,1171089,2023-08-09 04:17:39,2024-06-26 11:03:21,review
358,TRUE,12,11,358,358,9636293,2023-09-01 10:23:38,2024-07-29 20:57:45,review
359,TRUE,12,11,359,359,4466909,2024-05-14 16:51:53,2023-03-09 07:40:26,review
360,TRUE,12,11,360,360,8690693,2023-10-06 16:08:00,2024-10-13 14:20:38,review
361,TRUE,12,11,361,361,3693161,2024-09-19 09:07:22,2024-05-18 17:17:25,review
362,TRUE,12,11,362,362,2485905,2023-04-18 16:28:52,2024-02-22 10:17:34,review
363,TRUE,12,11,363,363,1677769,2023-01-26 23:56:31,2023-05-15 12:02:29,review
364,TRUE,12,11,364,364,786642,2023-12-08 18:05:22,2023-01-09 03:49:28,review
365,TRUE,12,11,365,365,4648622,2024-06-03 08:23:47,2024-12-08 02:28:32,review
366,TRUE,12,11,366,366,8819815,2024-07-05 16:47:33,2023-03-27 12:56:03,review
367,TRUE,12,11,367,367,1066618,2022-12-24 14:27:04,2024-07-30 22:31:13,review
368,TRUE,12,11,368,368,7967901,2023-04-18 02:37:45,2024-02-22 23:28:53,review
369,TRUE,13,11,369,369,8900851,2023-07-13 07:29:38,2023-10-23 16:49:08,review
370,TRUE,13,11,370,370,5013127,2024-11-13 01:37:20,2023-07-31 00:20:10,review
371,TRUE,13,11,371,371,6464285,2023-06-12 16:49:41,2023-12-19 12:53:15,review
372,TRUE,13,11,372,372,8785824,2023-06-03 14:05:24,2023-07-10 09:56:19,review
373,TRUE,13,11,373,373,4632229,2024-06-13 10:14:06,2024-03-18 16:02:18,review
374,TRUE,13,12,374,374,866510,2023-07-14 04:09:54,2024-03-26 22:54:40,review
375,TRUE,13,12,375,375,6654606,2024-10-13 07:41:46,2024-11-06 00:36:49,review
376,TRUE,13,12,376,376,1997746,2023-07-12 18:11:38,2023-01-25 22:04:27,review
377,TRUE,13,12,377,377,2878817,2023-03-24 02:55:03,2024-10-31 01:29:28,review
378,TRUE,13,12,378,378,7024498,2024-10-03 03:22:34,2023-02-26 03:23:57,review
379,TRUE,13,12,379,379,9892649,2024-04-25 07:37:26,2023-03-06 06:51:33,review
380,TRUE,13,12,380,380,269108,2023-11-09 00:43:28,2024-03-29 05:49:53,review
381,TRUE,13,12,381,381,3171673,2023-10-22 13:43:40,2023-02-04 22:35:35,review
382,TRUE,13,12,383,382,9379678,2022-11-08 23:09:53,2023-12-23 12:37:33,review
383,TRUE,13,12,384,383,4265379,2023-12-22 00:49:58,2024-11-16 18:33:30,review
384,TRUE,13,12,385,384,9097125,2024-10-09 10:35:06,2023-07-31 02:11:55,review
385,TRUE,13,12,386,385,8492169,2024-01-20 11:03:32,2024-03-12 04:22:31,review
386,TRUE,13,12,387,386,3503194,2024-03-03 00:05:54,2023-06-18 00:18:23,review
387,TRUE,13,12,388,387,4152623,2023-05-19 12:37:17,2024-10-16 21:20:22,review
388,TRUE,13,12,389,388,5182959,2024-01-26 09:03:07,2023-04-20 02:18:51,review
389,TRUE,13,12,390,389,8697380,2023-04-16 01:57:20,2023-10-31 16:29:21,review
390,TRUE,13,12,391,390,602792,2024-01-04 07:08:09,2024-02-02 03:26:20,review
391,TRUE,13,12,392,391,8898243,2022-12-27 07:22:48,2023-03-12 01:12:14,review
392,TRUE,13,12,393,392,1451221,2022-12-16 03:29:28,2024-08-05 04:30:04,review
393,TRUE,13,12,394,393,575345,2024-11-29 09:10:28,2024-11-12 14:48:49,review
394,TRUE,13,12,396,394,8439615,2023-01-15 20:24:10,2024-06-16 18:57:30,review
395,TRUE,13,12,397,395,7867012,2023-06-05 14:44:41,2023-10-05 04:06:47,review
396,TRUE,13,12,398,396,533394,2023-06-19 00:38:50,2023-05-04 07:21:08,review
397,TRUE,14,12,399,397,8921294,2024-06-18 09:00:56,2023-03-13 01:05:15,review
398,TRUE,14,12,400,398,8279942,2024-06-25 15:40:55,2023-10-24 16:11:19,review
399,TRUE,14,13,401,399,6328469,2024-01-26 19:00:47,2024-01-05 09:14:52,review
400,TRUE,14,13,402,400,8230208,2024-07-03 15:55:21,2023-05-29 22:19:31,review
401,TRUE,14,13,403,401,3367172,2023-10-30 10:40:01,2024-11-22 04:46:40,review
402,TRUE,14,13,404,402,7622203,2024-06-14 23:20:29,2023-09-05 17:04:12,review
403,TRUE,14,13,405,403,9913828,2023-08-16 07:17:02,2024-04-22 22:49:07,review
404,TRUE,14,13,406,404,3856727,2023-10-15 11:50:18,2023-10-08 20:28:33,review
405,TRUE,14,13,407,405,6874705,2024-11-06 01:08:10,2024-09-02 06:59:23,review
406,TRUE,14,13,408,406,1365380,2024-12-14 15:45:28,2024-05-25 23:07:01,review
407,TRUE,14,13,409,407,5853589,2022-12-14 01:56:13,2024-02-17 09:36:25,review
408,TRUE,14,13,411,408,6760709,2022-12-14 16:40:43,2023-04-03 05:29:36,review
409,TRUE,14,13,412,409,8043382,2024-08-16 05:29:13,2024-10-28 03:34:02,review
410,TRUE,14,13,413,410,3354304,2023-05-08 08:48:33,2023-08-30 00:19:01,review
411,TRUE,14,13,414,411,7413691,2024-02-02 20:22:06,2024-08-09 02:50:11,review
412,TRUE,14,13,415,412,20896,2024-08-18 02:56:53,2022-11-09 08:18:41,review
413,TRUE,14,13,416,413,7795949,2024-07-28 20:31:20,2024-07-28 20:57:39,review
414,TRUE,14,13,417,414,5497596,2024-03-22 13:19:38,2023-09-21 11:10:42,review
415,TRUE,14,13,418,415,2162038,2023-02-03 15:43:05,2024-02-22 21:16:52,review
416,TRUE,14,13,419,416,314377,2024-03-18 17:50:02,2024-08-24 05:23:45,review
417,TRUE,14,13,420,417,4351905,2022-11-18 22:36:57,2023-08-21 05:03:04,review
418,TRUE,14,13,421,418,6828528,2024-07-14 06:41:55,2022-11-14 20:40:18,review
419,TRUE,14,13,422,419,7164810,2023-08-11 02:27:08,2023-10-01 21:24:34,review
420,TRUE,14,13,423,420,8041824,2024-05-29 12:08:30,2023-09-04 21:06:27,review
421,TRUE,14,13,424,421,9836963,2023-02-19 03:17:25,2024-08-25 16:27:49,review
422,TRUE,14,13,425,422,9987095,2023-12-17 16:05:38,2024-03-27 20:41:05,review
423,TRUE,14,13,426,423,8666511,2023-12-24 07:46:47,2024-05-14 18:19:47,review
424,TRUE,14,13,427,424,8481891,2022-11-12 04:04:51,2024-01-09 22:35:19,review
425,TRUE,14,13,428,425,1357973,2024-10-25 05:12:01,2022-12-10 00:07:18,review
426,TRUE,14,13,429,426,1406905,2023-01-03 02:36:20,2023-03-27 01:29:10,review
427,TRUE,14,14,430,427,9642475,2024-06-07 17:28:35,2023-10-30 03:35:32,review
428,TRUE,14,14,431,428,7824227,2023-06-24 16:24:03,2024-12-24 03:14:05,review
429,TRUE,14,14,432,429,2304436,2023-10-16 10:55:56,2023-07-16 11:26:40,review
430,TRUE,14,14,433,430,3658746,2024-02-07 07:34:11,2023-07-26 07:37:06,review
431,TRUE,15,14,434,431,7218532,2024-10-23 23:38:27,2023-05-02 13:03:55,review
432,TRUE,15,14,435,432,3428715,2024-11-07 20:35:22,2023-04-02 14:52:33,review
433,TRUE,15,14,436,433,861231,2024-05-12 08:06:17,2024-01-20 02:51:02,review
434,TRUE,15,14,437,434,9000783,2023-02-09 22:33:10,2023-01-15 13:06:29,review
435,TRUE,15,14,438,435,5493240,2023-09-10 20:28:08,2024-09-03 11:42:27,review
436,TRUE,15,14,439,436,9732566,2024-01-14 16:28:47,2024-05-04 21:21:09,review
437,TRUE,15,14,440,437,2954940,2023-02-06 17:15:30,2024-06-08 09:35:18,review
438,TRUE,15,14,441,438,3574666,2024-08-01 02:53:49,2023-03-24 09:36:23,review
439,TRUE,15,14,442,439,8571993,2023-09-19 16:36:21,2024-02-18 03:46:03,review
440,TRUE,15,14,443,440,2309054,2023-01-27 12:18:44,2024-12-30 10:57:32,review
441,TRUE,15,14,444,441,2859801,2023-09-30 21:09:10,2024-05-10 08:30:15,review
442,TRUE,15,14,445,442,3838486,2024-06-21 07:54:05,2023-10-18 15:56:02,review
443,TRUE,15,14,446,443,6304303,2024-04-20 22:37:17,2023-04-07 12:47:53,review
444,TRUE,15,14,447,444,738723,2023-10-15 07:01:33,2024-03-14 12:44:25,review
445,TRUE,15,14,448,445,1625951,2023-03-30 02:57:14,2024-11-23 14:03:56,review
446,TRUE,15,14,449,446,5514173,2023-02-06 16:19:17,2024-01-14 20:04:09,review
447,TRUE,15,14,450,447,5111067,2024-07-29 09:21:39,2023-05-05 12:41:17,review
448,TRUE,15,14,451,448,6774439,2023-11-18 09:46:59,2023-02-03 16:52:22,review
449,TRUE,15,14,452,449,3281353,2023-01-15 07:30:35,2024-07-16 03:51:11,review
450,TRUE,15,14,453,450,8472226,2022-11-11 10:40:28,2024-02-18 11:43:20,review
451,TRUE,15,14,454,451,9174834,2023-02-16 20:11:21,2023-08-13 00:37:05,review
452,TRUE,15,14,455,452,5224672,2023-07-27 02:49:38,2024-10-21 16:51:47,review
453,TRUE,15,14,456,453,7300141,2024-01-15 14:22:38,2023-12-14 11:24:56,review
454,TRUE,15,14,457,454,7799463,2023-12-29 22:14:34,2024-05-22 02:33:39,review
455,TRUE,15,14,458,455,3412938,2024-01-12 05:16:16,2023-01-26 08:57:51,review
456,TRUE,15,14,459,456,2372972,2023-01-22 17:52:50,2024-06-01 13:29:43,review
457,TRUE,15,14,460,457,4919548,2024-08-20 15:41:35,2024-09-25 16:04:49,review
458,TRUE,15,14,461,458,3176736,2022-12-09 01:34:43,2024-08-06 02:43:01,review
459,TRUE,15,14,462,459,8117887,2024-01-15 00:23:33,2023-02-08 16:02:49,review
460,TRUE,15,14,463,460,552281,2024-10-11 07:44:25,2024-09-22 23:26:57,review
461,TRUE,15,15,464,461,8082251,2024-04-17 06:09:12,2023-05-31 18:36:05,review
462,TRUE,15,15,465,462,4740087,2022-11-16 13:41:38,2022-11-10 02:48:47,review
463,TRUE,15,15,466,463,1848607,2024-05-10 19:56:20,2024-09-13 10:29:51,review
464,TRUE,15,15,467,464,102394,2022-12-27 19:09:43,2023-01-16 17:50:45,review
465,TRUE,15,15,468,465,9390995,2023-03-29 08:16:45,2024-03-21 14:54:45,review
466,TRUE,15,15,469,466,2355202,2024-07-17 21:08:30,2023-12-01 22:38:22,review
467,TRUE,16,15,470,467,2895997,2023-01-25 01:43:53,2024-04-21 14:07:06,review
468,TRUE,16,15,471,468,7678697,2023-11-15 17:12:05,2024-04-28 06:00:32,review
469,TRUE,16,15,472,469,10255,2023-12-06 12:10:20,2024-06-26 09:15:11,review
470,TRUE,16,15,473,470,26445,2024-05-30 03:20:46,2023-05-18 10:05:42,review
471,TRUE,16,15,474,471,6376438,2023-10-14 05:12:44,2024-11-15 22:43:11,review
472,TRUE,16,15,475,472,4010809,2023-02-18 03:12:09,2023-10-16 12:28:31,review
473,TRUE,16,15,476,473,7157709,2023-01-13 00:55:49,2023-08-09 00:07:16,review
474,TRUE,16,15,477,474,6607592,2024-01-21 10:59:49,2023-10-31 09:32:36,review
475,TRUE,16,15,478,475,4656047,2023-09-04 18:54:36,2023-05-20 04:36:08,review
476,TRUE,16,15,479,476,563803,2022-11-25 17:08:46,2023-11-20 10:49:23,review
477,TRUE,16,15,480,477,8908665,2024-07-21 14:11:06,2022-12-29 15:57:11,review
478,TRUE,16,15,481,478,2312428,2024-09-14 21:57:45,2022-12-04 12:50:16,review
479,TRUE,16,15,482,479,1900289,2024-08-22 21:57:41,2022-11-21 10:11:42,review
480,TRUE,16,15,483,480,70132,2024-01-29 20:40:48,2024-05-27 04:29:51,review
481,TRUE,16,15,484,481,3598188,2023-09-01 13:50:08,2023-01-18 18:56:13,review
482,TRUE,16,15,485,482,4994862,2024-08-11 08:36:02,2023-04-20 16:53:47,review
483,TRUE,16,15,486,483,7141944,2023-05-31 13:46:06,2024-05-30 16:24:37,review
484,TRUE,16,15,487,484,3196899,2024-10-16 04:15:21,2024-12-25 13:39:12,review
485,TRUE,16,15,488,485,4598178,2024-07-09 07:14:24,2024-02-21 02:51:50,review
486,TRUE,16,15,489,486,7651504,2023-02-07 11:51:30,2023-04-27 23:56:36,review
487,TRUE,16,15,490,487,4594039,2023-06-29 00:12:09,2024-01-12 11:40:00,review
488,TRUE,16,15,491,488,3996667,2024-07-05 17:28:59,2023-03-10 14:12:49,review
489,TRUE,16,15,492,489,3750147,2023-12-18 13:50:09,2023-05-26 06:59:29,review
490,TRUE,16,15,493,490,6443511,2024-10-09 18:27:00,2023-07-19 14:32:50,review
491,TRUE,16,15,494,491,9342672,2024-05-29 07:20:15,2023-03-09 09:17:45,review
492,TRUE,16,15,496,492,3653674,2024-05-27 04:55:39,2024-12-29 07:20:21,review
493,TRUE,16,15,497,493,9767366,2023-06-08 12:59:00,2024-03-01 05:04:45,review
494,TRUE,16,15,498,494,4546694,2022-11-16 16:52:56,2024-03-05 23:21:35,review
495,TRUE,16,15,499,495,7213080,2023-08-11 13:08:55,2024-05-09 10:21:32,review
496,TRUE,16,15,500,496,5106097,2024-06-07 02:54:58,2022-12-07 15:22:33,review
497,TRUE,16,16,501,497,2629291,2024-09-17 20:31:45,2024-08-03 00:38:55,review
498,TRUE,17,16,502,498,3420785,2023-08-31 22:34:56,2024-04-10 21:21:58,review
499,TRUE,17,16,503,499,8526173,2023-12-05 15:04:56,2024-04-03 13:31:56,review
500,TRUE,17,16,505,500,5658901,2024-12-01 07:58:30,2023-03-11 05:02:06,review
501,TRUE,17,16,506,501,9738701,2022-11-22 19:13:49,2023-02-07 16:51:02,review
502,TRUE,17,16,507,502,7602607,2023-10-30 09:13:35,2024-05-17 12:31:14,review
503,TRUE,17,16,508,503,8964986,2024-11-11 12:18:33,2023-09-03 01:34:54,review
504,TRUE,17,16,509,504,583368,2023-08-02 17:17:27,2024-04-20 11:31:28,review
505,TRUE,17,16,510,505,8993243,2023-01-25 18:15:00,2024-01-25 19:18:02,review
506,TRUE,17,16,511,506,8615715,2024-06-30 12:12:54,2024-10-23 04:50:46,review
507,TRUE,17,16,512,507,7292031,2024-03-11 16:44:18,2023-10-10 17:54:35,review
508,TRUE,17,16,513,508,6678367,2024-11-03 05:36:44,2024-11-10 01:47:41,review
509,TRUE,17,16,514,509,357573,2024-07-25 13:48:00,2024-02-28 05:35:02,review
510,TRUE,17,16,515,510,5502049,2024-01-27 11:22:05,2022-11-27 20:36:58,review
511,TRUE,17,16,516,511,2194392,2023-01-27 22:40:51,2024-12-14 03:22:32,review
512,TRUE,17,16,517,512,6130400,2024-12-29 15:28:26,2023-12-23 05:14:55,review
513,TRUE,17,16,518,513,1118140,2023-04-21 08:57:11,2024-07-16 21:49:51,review
514,TRUE,17,16,519,514,9767690,2024-01-29 07:34:54,2023-09-21 17:29:26,review
515,TRUE,17,16,520,515,8889138,2024-03-31 02:38:38,2023-10-19 06:43:26,review
516,TRUE,17,16,521,516,4408912,2023-09-25 10:29:18,2022-11-26 16:27:35,review
517,TRUE,17,16,522,517,291184,2023-12-20 04:32:09,2023-10-21 15:13:45,review
518,TRUE,17,16,523,518,5111674,2023-03-05 18:03:41,2024-09-15 20:58:43,review
519,TRUE,17,16,524,519,514855,2024-01-11 20:29:38,2023-10-17 14:54:35,review
520,TRUE,17,16,525,520,5735080,2022-12-17 20:45:25,2023-10-06 22:22:56,review
521,TRUE,17,16,526,521,9798489,2023-04-23 17:50:23,2023-07-16 05:04:53,review
522,TRUE,17,16,527,522,3946668,2023-04-17 23:58:35,2024-12-26 10:47:19,review
523,TRUE,17,16,528,523,7242569,2024-04-11 15:17:48,2022-12-21 19:01:03,review
524,TRUE,17,16,529,524,9477464,2024-04-30 02:45:11,2024-05-21 15:10:10,review
525,TRUE,17,16,530,525,2973557,2023-05-13 01:22:22,2023-01-06 02:14:44,review
526,TRUE,17,16,531,526,6846154,2024-06-15 04:15:36,2024-07-23 04:31:22,review
527,TRUE,17,16,533,527,9463750,2023-05-24 23:50:11,2023-05-02 00:40:57,review
528,TRUE,17,17,534,528,3000249,2023-08-28 01:55:04,2023-07-02 23:11:30,review
529,TRUE,17,17,535,529,9553674,2024-04-11 01:23:46,2024-01-24 17:43:11,review
530,TRUE,17,17,536,530,6360984,2023-09-02 16:30:01,2023-08-01 18:39:37,review
531,TRUE,17,17,537,531,4707667,2024-07-27 06:13:49,2023-06-11 10:47:42,review
532,TRUE,17,17,538,532,9366675,2023-05-10 13:07:48,2022-12-26 16:24:29,review
533,TRUE,17,17,539,533,9725670,2024-03-19 08:46:44,2023-04-06 07:55:59,review
534,TRUE,18,17,540,534,3283352,2023-07-06 06:15:43,2024-08-31 16:50:01,review
535,TRUE,18,17,541,535,7692269,2022-11-29 19:57:07,2024-04-08 14:26:15,review
536,TRUE,18,17,542,536,9741175,2024-02-18 06:39:10,2023-02-26 02:40:03,review
537,TRUE,18,17,543,537,2390641,2024-02-22 03:51:04,2024-04-07 18:23:27,review
538,TRUE,18,17,544,538,1114622,2024-10-29 02:43:56,2023-12-21 12:32:22,review
539,TRUE,18,17,545,539,9801628,2024-07-24 20:50:02,2022-12-05 11:05:55,review
540,TRUE,18,17,546,540,3783928,2023-08-04 23:20:05,2024-07-20 09:18:22,review
541,TRUE,18,17,547,541,1281548,2023-08-07 11:14:54,2023-05-22 08:26:28,review
542,TRUE,18,17,548,542,6862374,2023-04-12 19:29:29,2023-01-28 00:55:58,review
543,TRUE,18,17,549,543,1333963,2023-07-31 19:09:08,2024-10-15 18:52:08,review
544,TRUE,18,17,550,544,8148641,2022-12-02 02:36:56,2023-12-08 14:01:37,review
545,TRUE,18,17,551,545,8317906,2024-05-20 08:03:26,2024-12-08 08:10:52,review
546,TRUE,18,17,552,546,1562146,2024-08-17 00:09:37,2022-11-14 15:57:52,review
547,TRUE,18,17,553,547,7392323,2022-12-04 23:28:32,2024-08-09 04:20:12,review
548,TRUE,18,17,554,548,3651582,2024-05-26 06:35:13,2024-06-11 07:47:21,review
549,TRUE,18,17,555,549,7461484,2023-10-02 14:52:53,2024-09-22 17:08:01,review
550,TRUE,18,17,556,550,9054952,2024-03-28 06:00:43,2023-01-06 00:59:30,review
551,TRUE,18,17,557,551,8462041,2024-07-13 01:47:27,2023-01-04 02:27:09,review
552,TRUE,18,17,558,552,4168582,2024-09-12 02:32:10,2024-10-18 23:19:45,review
553,TRUE,18,17,559,553,4892971,2024-09-25 08:19:37,2023-05-25 01:35:12,review
554,TRUE,18,17,560,554,4526693,2023-06-19 15:51:43,2022-12-03 19:56:36,review
555,TRUE,18,17,561,555,5266571,2024-06-14 16:59:25,2023-01-19 08:03:02,review
556,TRUE,18,17,562,556,6930851,2024-03-01 12:43:27,2023-10-08 18:52:36,review
557,TRUE,18,17,563,557,391672,2023-04-10 22:46:24,2023-09-17 02:20:27,review
558,TRUE,18,17,564,558,4994763,2023-03-18 02:31:01,2023-08-24 16:47:15,review
559,TRUE,18,17,565,559,3874879,2023-01-13 09:26:53,2023-05-04 07:02:26,review
560,TRUE,18,17,566,560,238864,2024-01-03 08:21:43,2023-07-01 23:36:55,review
561,TRUE,18,17,567,561,1870118,2023-01-21 07:10:17,2023-06-15 17:51:03,review
562,TRUE,19,17,568,562,9044694,2023-01-12 08:40:40,2024-11-05 14:07:50,review
563,TRUE,19,17,569,563,3135796,2023-07-29 08:46:38,2023-06-06 18:44:54,review
564,TRUE,19,18,570,564,6722415,2023-02-19 13:33:34,2023-11-14 18:50:44,review
565,TRUE,19,18,571,565,532680,2023-01-02 04:39:09,2023-10-10 15:09:21,review
566,TRUE,19,18,572,566,5540327,2022-11-23 03:44:13,2023-02-18 07:35:20,review
567,TRUE,19,18,573,567,9085602,2022-12-27 04:26:01,2024-09-18 18:48:51,review
568,TRUE,19,18,574,568,8526941,2023-02-24 19:45:45,2023-02-02 15:16:45,review
569,TRUE,19,18,575,569,9774664,2024-04-14 18:01:13,2023-04-10 11:12:34,review
570,TRUE,19,18,576,570,1020538,2024-03-19 15:47:02,2024-03-06 00:33:51,review
571,TRUE,19,18,577,571,2250362,2024-07-26 20:26:58,2023-02-05 20:57:34,review
572,TRUE,19,18,578,572,7133580,2024-10-21 08:37:25,2024-12-06 10:22:43,review
573,TRUE,19,18,579,573,3128170,2023-06-23 18:46:31,2023-11-19 23:05:50,review
574,TRUE,19,18,580,574,5783700,2024-11-20 18:00:21,2023-08-22 00:46:21,review
575,TRUE,19,18,581,575,7732507,2022-11-12 08:30:55,2024-11-13 16:39:11,review
576,TRUE,19,18,583,576,426864,2023-06-05 00:22:40,2024-08-26 11:01:39,review
577,TRUE,19,18,584,577,7285201,2023-11-10 19:17:05,2023-07-28 13:51:50,review
578,TRUE,19,18,585,578,9041041,2024-03-10 18:27:41,2024-10-25 01:03:45,review
579,TRUE,19,18,586,579,8647796,2023-03-28 15:15:01,2024-07-18 18:18:03,review
580,TRUE,19,18,587,580,7904049,2023-05-05 00:57:17,2024-03-05 13:27:55,review
581,TRUE,19,18,588,581,9404276,2023-12-06 10:09:00,2023-03-05 05:05:46,review
582,TRUE,19,18,589,582,6504122,2023-03-15 01:59:00,2023-03-23 23:09:53,review
583,TRUE,19,18,590,583,1467798,2023-11-26 14:58:22,2024-05-20 22:15:47,review
584,TRUE,19,18,591,584,2972710,2024-05-28 23:11:34,2022-11-09 06:51:40,review
585,TRUE,19,18,592,585,4151827,2024-01-16 16:23:23,2024-06-15 20:40:01,review
586,TRUE,19,18,593,586,4419938,2023-09-18 13:41:39,2024-08-28 01:26:10,review
587,TRUE,19,18,594,587,3680772,2023-03-15 09:59:45,2024-11-21 15:08:53,review
588,TRUE,19,18,595,588,376116,2024-04-25 04:59:11,2024-07-28 20:55:13,review
589,TRUE,19,18,596,589,5553720,2023-04-17 01:32:09,2024-10-03 12:18:05,review
590,TRUE,19,18,597,590,2926168,2024-06-08 18:17:22,2022-11-19 09:56:52,review
591,TRUE,19,18,598,591,8002559,2023-03-01 07:52:12,2023-05-27 21:47:25,review
592,TRUE,19,19,599,592,6898308,2022-12-04 20:20:02,2023-09-10 06:33:01,review
593,TRUE,19,19,600,593,5674578,2024-04-11 22:44:15,2023-12-29 22:05:55,review
594,TRUE,19,19,601,594,7292319,2023-07-15 04:46:40,2024-09-23 16:34:05,review
595,TRUE,20,19,602,595,7465969,2024-12-05 22:44:18,2023-03-09 13:14:51,review
596,TRUE,20,19,603,596,3566641,2022-12-06 19:21:29,2023-03-26 07:50:08,review
597,TRUE,20,19,604,597,41387,2024-04-03 23:55:36,2023-12-16 07:15:11,review
598,TRUE,20,19,605,598,3337465,2024-03-30 12:36:27,2024-06-18 12:07:37,review
599,TRUE,20,19,606,599,2014814,2024-09-22 04:56:03,2024-03-13 20:36:58,review
600,TRUE,20,19,607,600,458405,2023-03-09 18:38:58,2023-05-22 10:31:23,review
601,TRUE,20,19,608,601,7557738,2024-01-18 19:15:13,2023-06-06 18:51:32,review
602,TRUE,20,19,609,602,3304923,2023-08-25 07:46:20,2024-12-11 12:43:33,review
603,TRUE,20,19,610,603,7710044,2024-09-04 03:52:56,2023-09-04 21:26:46,review
604,TRUE,20,19,611,604,6374390,2022-12-15 14:58:32,2024-06-06 21:12:38,review
605,TRUE,20,19,612,605,6090490,2023-09-28 00:48:29,2023-02-06 18:55:11,review
606,TRUE,20,19,613,606,7423388,2024-03-28 07:25:08,2023-01-08 19:24:21,review
607,TRUE,20,19,614,607,417161,2023-10-16 10:09:53,2023-01-06 07:47:11,review
608,TRUE,20,19,615,608,1822666,2024-07-19 03:57:34,2024-04-08 12:08:20,review
609,TRUE,20,19,616,609,6309316,2023-07-10 04:14:47,2024-01-06 06:06:02,review
610,TRUE,20,19,617,610,5588928,2024-07-03 19:31:40,2023-11-09 07:42:46,review
611,TRUE,20,19,618,611,769063,2023-04-10 20:08:26,2023-02-13 23:08:43,review
612,TRUE,20,19,619,612,3793726,2024-05-13 16:40:15,2024-12-03 23:07:56,review
613,TRUE,20,19,620,613,3359625,2024-12-12 19:03:07,2023-10-18 06:26:09,review
614,TRUE,20,19,621,614,354701,2024-12-10 08:20:34,2023-04-06 21:10:07,review
615,TRUE,20,19,622,615,7905057,2024-01-12 03:08:47,2023-05-05 16:59:55,review
616,TRUE,20,19,623,616,5378517,2024-05-30 23:05:57,2023-09-17 19:38:08,review
617,TRUE,20,19,624,617,1453457,2023-10-08 09:17:30,2023-11-04 01:13:49,review
618,TRUE,20,19,625,618,3010113,2024-04-25 17:50:25,2022-12-28 12:34:55,review
619,TRUE,20,19,626,619,1405393,2024-05-31 07:05:42,2024-06-14 23:21:46,review
620,TRUE,20,19,628,620,2825630,2023-10-18 04:57:01,2024-01-11 00:23:20,review
621,TRUE,20,19,629,621,6027656,2024-04-25 22:24:37,2024-12-21 09:39:13,review
622,TRUE,20,19,630,622,2035368,2023-12-05 16:30:32,2023-03-18 07:42:39,review
623,TRUE,20,19,631,623,1710905,2024-04-06 05:39:36,2023-05-08 20:22:08,review
624,TRUE,20,19,632,624,9820842,2023-11-24 14:38:00,2023-01-03 09:13:27,review
625,TRUE,20,20,633,625,2440714,2024-09-29 20:44:02,2024-08-20 16:25:33,review
626,TRUE,20,20,634,626,9723036,2024-10-06 19:01:05,2024-09-24 16:55:46,review
627,TRUE,20,20,635,627,978487,2024-10-29 14:04:25,2024-05-10 05:24:45,review
628,TRUE,21,20,636,628,2757283,2023-06-09 07:39:55,2024-12-26 04:59:04,review
629,TRUE,21,20,637,629,8554810,2023-10-30 01:42:00,2023-06-19 09:15:34,review
630,TRUE,21,20,638,630,4399025,2023-11-14 23:41:31,2022-11-23 09:58:32,review
631,TRUE,21,20,639,631,7278190,2023-10-02 08:49:03,2023-07-31 23:31:18,review
632,TRUE,21,20,640,632,132473,2023-03-08 09:10:01,2024-02-10 08:45:07,review
633,TRUE,21,20,641,633,5210245,2023-01-15 21:31:02,2023-03-18 16:00:56,review
634,TRUE,21,20,642,634,6290060,2024-08-19 09:18:30,2023-10-08 12:15:42,review
635,TRUE,21,20,643,635,3504083,2023-05-21 20:07:17,2023-10-28 15:48:29,review
636,TRUE,21,20,644,636,6436894,2023-04-25 23:59:20,2024-06-16 19:14:28,review
637,TRUE,21,20,646,637,5310859,2023-12-27 06:59:10,2023-01-07 19:58:29,review
638,TRUE,21,20,647,638,1441514,2024-08-04 15:15:55,2024-08-10 19:48:30,review
639,TRUE,21,20,648,639,6491433,2023-05-11 09:13:46,2024-03-13 22:13:38,review
640,TRUE,21,20,649,640,6331933,2024-08-20 06:07:55,2022-12-01 17:26:26,review
641,TRUE,21,20,650,641,4551204,2023-05-16 22:29:17,2022-11-08 21:48:05,review
642,TRUE,21,20,651,642,5186025,2022-11-09 12:33:50,2022-12-18 18:22:59,review
643,TRUE,21,20,652,643,5832220,2024-06-12 12:26:39,2023-12-04 19:32:30,review
644,TRUE,21,20,653,644,1332379,2024-02-04 07:25:36,2023-12-31 19:37:15,review
645,TRUE,21,20,654,645,4838923,2024-09-29 05:47:38,2023-07-10 04:47:16,review
646,TRUE,21,20,655,646,4500823,2023-06-04 06:15:15,2023-05-09 06:00:16,review
647,TRUE,21,20,656,647,7985174,2024-08-08 14:31:00,2024-05-04 00:36:46,review
648,TRUE,21,20,657,648,1504229,2024-05-29 17:06:29,2023-09-27 16:06:30,review
649,TRUE,21,20,658,649,6486582,2023-05-23 21:36:53,2023-12-31 10:59:21,review
650,TRUE,21,20,659,650,6731502,2022-11-22 12:57:49,2023-05-20 22:05:49,review
651,TRUE,21,20,660,651,1609064,2023-01-08 02:14:25,2023-08-05 00:50:32,review
652,TRUE,22,20,661,652,408877,2023-09-05 20:59:10,2024-06-08 09:53:26,review
653,TRUE,22,20,662,653,9791739,2024-01-01 11:54:26,2023-08-26 21:11:55,review
654,TRUE,22,20,663,654,7770136,2023-03-29 02:42:56,2024-12-03 18:41:20,review
655,TRUE,22,20,664,655,6816997,2023-01-31 09:40:22,2024-12-07 11:36:48,review
656,TRUE,22,20,665,656,4070004,2023-10-14 19:38:39,2023-06-24 08:45:44,review
657,TRUE,22,20,666,657,8061513,2023-12-08 17:47:57,2024-09-24 22:46:53,review
658,TRUE,22,21,667,658,7623955,2024-01-06 08:59:59,2023-06-02 01:26:56,review
659,TRUE,22,21,668,659,9624629,2023-10-06 14:19:46,2023-12-13 03:49:54,review
660,TRUE,22,21,669,660,9715100,2024-10-02 05:24:17,2023-01-29 23:31:10,review
661,TRUE,22,21,670,661,8385002,2023-06-22 16:40:12,2024-02-14 09:48:46,review
662,TRUE,22,21,671,662,328743,2024-11-20 15:16:29,2023-04-25 20:23:53,review
663,TRUE,22,21,672,663,2653552,2023-05-11 05:26:34,2024-03-28 10:45:07,review
664,TRUE,22,21,673,664,5896839,2024-01-12 20:34:51,2023-12-24 08:47:12,review
665,TRUE,22,21,674,665,2696923,2023-02-20 02:19:27,2024-06-09 07:11:22,review
666,TRUE,22,21,675,666,1976356,2023-08-04 12:25:51,2023-06-28 12:49:58,review
667,TRUE,22,21,676,667,3237716,2023-11-23 04:47:47,2024-01-07 03:48:23,review
668,TRUE,22,21,677,668,6751647,2024-02-17 23:16:34,2024-07-02 02:19:47,review
669,TRUE,22,21,678,669,945078,2023-01-16 10:09:11,2024-06-23 11:15:13,review
670,TRUE,22,21,679,670,666339,2024-08-04 15:49:59,2024-07-09 23:15:51,review
671,TRUE,22,21,680,671,8721162,2022-11-13 17:18:21,2023-01-23 02:02:41,review
672,TRUE,22,21,681,672,49751,2023-12-13 00:11:10,2024-08-28 05:32:19,review
673,TRUE,22,21,682,673,6068084,2023-02-28 21:57:32,2023-01-15 14:25:08,review
674,TRUE,22,21,683,674,7324631,2023-10-15 22:22:57,2023-01-06 13:06:04,review
675,TRUE,22,21,684,675,9164025,2024-06-07 08:52:17,2023-12-29 11:04:59,review
676,TRUE,22,21,685,676,4024983,2024-05-25 23:27:23,2023-11-29 23:00:50,review
677,TRUE,22,21,686,677,2713512,2023-11-25 20:06:51,2023-05-09 15:50:09,review
678,TRUE,22,21,687,678,6767256,2024-06-07 15:37:24,2024-07-19 05:43:50,review
679,TRUE,22,21,688,679,1060696,2024-11-07 02:09:04,2022-12-05 02:08:05,review
680,TRUE,22,21,689,680,8762848,2022-11-10 12:23:58,2023-10-26 18:20:41,review
681,TRUE,22,21,690,681,3759450,2023-02-01 21:39:55,2023-10-25 17:25:21,review
682,TRUE,22,22,691,682,5803859,2022-11-12 11:07:12,2022-11-25 08:25:59,review
683,TRUE,22,22,692,683,7614922,2023-12-04 17:38:29,2024-07-18 14:34:22,review
684,TRUE,22,22,693,684,7463312,2024-12-03 03:37:05,2024-02-17 01:28:12,review
685,TRUE,22,22,694,685,2713,2024-04-14 00:27:53,2023-06-18 12:06:00,review
686,TRUE,23,22,695,686,4038808,2024-09-27 20:09:21,2023-02-19 12:45:10,review
687,TRUE,23,22,696,687,758222,2024-12-23 17:52:38,2023-08-03 15:06:34,review
688,TRUE,23,22,697,688,3000094,2023-06-21 09:14:28,2023-04-13 13:05:16,review
689,TRUE,23,22,698,689,6872370,2023-07-29 02:54:14,2022-12-26 11:52:41,review
690,TRUE,23,22,699,690,7605522,2023-08-25 12:46:16,2024-12-18 04:01:24,review
691,TRUE,23,22,700,691,9537120,2024-06-11 16:22:11,2023-02-14 08:20:54,review
692,TRUE,23,22,701,692,2246690,2023-12-30 17:51:29,2023-02-10 04:27:37,review
693,TRUE,23,22,702,693,8217379,2024-01-09 17:46:18,2023-03-26 23:00:11,review
694,TRUE,23,22,704,694,2745483,2024-03-07 02:06:53,2024-05-11 20:48:51,review
695,TRUE,23,22,705,695,9209226,2024-02-25 18:56:09,2023-03-11 13:04:39,review
696,TRUE,23,22,706,696,7395052,2024-02-17 21:36:21,2024-10-02 03:29:59,review
697,TRUE,23,22,707,697,5572334,2023-04-22 18:57:21,2022-11-15 13:23:47,review
698,TRUE,23,22,708,698,5822690,2023-06-08 05:45:11,2023-01-09 05:06:46,review
699,TRUE,23,22,709,699,6164108,2023-07-30 23:06:21,2024-06-19 07:23:15,review
700,TRUE,23,22,710,700,9715038,2023-05-18 04:09:47,2023-07-11 09:45:20,review
701,TRUE,23,22,711,701,2392644,2024-08-28 22:00:24,2023-12-29 20:06:00,review
702,TRUE,23,22,712,702,7512005,2024-03-26 21:56:20,2024-11-29 06:26:57,review
703,TRUE,23,22,713,703,8507320,2022-11-26 02:03:02,2024-09-22 05:44:31,review
704,TRUE,23,22,714,704,631875,2024-07-27 01:16:11,2024-06-25 17:25:32,review
705,TRUE,23,22,715,705,4712806,2023-01-15 18:04:24,2023-05-15 20:31:55,review
706,TRUE,23,22,716,706,8311755,2024-02-26 18:54:11,2024-06-10 12:35:24,review
707,TRUE,23,22,717,707,8046736,2023-06-25 06:47:41,2024-09-23 08:54:33,review
708,TRUE,23,22,718,708,5980404,2024-07-07 01:34:06,2024-04-11 15:51:55,review
709,TRUE,23,22,719,709,7736603,2023-05-15 16:05:17,2024-06-28 05:04:05,review
710,TRUE,23,22,720,710,6367862,2024-08-16 16:38:21,2024-03-11 14:19:08,review
711,TRUE,23,22,721,711,8674758,2023-12-18 13:13:04,2024-07-12 14:29:36,review
712,TRUE,23,22,722,712,7705359,2023-03-19 20:57:42,2024-12-05 00:57:36,review
713,TRUE,23,22,723,713,7937737,2024-06-09 10:10:45,2024-12-30 03:50:31,review
714,TRUE,23,22,724,714,3826513,2022-11-13 23:52:39,2023-07-12 12:36:47,review
715,TRUE,23,22,725,715,5870841,2023-06-24 12:11:29,2022-12-09 10:31:02,review
716,TRUE,23,23,726,716,4209311,2023-09-01 05:09:12,2022-12-14 15:16:06,review
717,TRUE,24,23,727,717,208136,2024-03-01 07:02:40,2023-12-16 10:34:56,review
718,TRUE,24,23,728,718,2444640,2024-07-29 07:42:03,2023-03-27 05:27:45,review
719,TRUE,24,23,729,719,7269070,2024-01-29 07:17:30,2024-10-23 23:06:14,review
720,TRUE,24,23,730,720,1508965,2023-06-27 05:49:53,2024-03-20 04:27:19,review
721,TRUE,24,23,731,721,23668,2024-05-20 17:19:54,2022-12-16 01:07:16,review
722,TRUE,24,23,732,722,2751667,2024-09-21 12:55:01,2022-11-12 08:51:45,review
723,TRUE,24,23,733,723,8103371,2024-08-27 03:07:20,2024-07-26 21:25:56,review
724,TRUE,24,23,734,724,3863695,2023-11-13 08:33:48,2023-12-25 19:12:38,review
725,TRUE,24,23,735,725,6683578,2023-09-15 20:01:16,2023-02-25 10:32:20,review
726,TRUE,24,23,736,726,8743672,2024-12-30 14:00:18,2024-07-31 17:00:24,review
727,TRUE,24,23,737,727,5144045,2022-12-22 18:19:19,2023-08-25 18:45:23,review
728,TRUE,24,23,738,728,4232021,2023-06-09 15:26:33,2022-11-24 06:52:35,review
729,TRUE,24,23,739,729,2438536,2022-12-11 05:48:23,2023-07-11 04:58:13,review
730,TRUE,24,23,740,730,7866346,2024-11-22 17:43:19,2023-05-26 04:49:40,review
731,TRUE,24,23,741,731,7702570,2023-03-23 11:10:14,2024-11-21 04:59:43,review
732,TRUE,24,23,742,732,8248399,2024-07-04 20:15:42,2024-12-13 22:11:42,review
733,TRUE,24,23,743,733,3714851,2023-08-16 20:39:09,2023-10-24 12:46:46,review
734,TRUE,24,23,744,734,5021546,2023-06-23 19:33:28,2023-01-21 10:19:40,review
735,TRUE,24,23,746,735,1720585,2024-10-22 04:38:22,2023-01-10 17:54:38,review
736,TRUE,24,23,747,736,6282729,2022-12-26 07:28:22,2023-02-05 20:23:35,review
737,TRUE,24,23,748,737,9518525,2023-04-02 11:54:50,2022-12-30 12:23:37,review
738,TRUE,24,23,749,738,6059018,2022-12-16 16:49:16,2024-11-26 05:45:56,review
739,TRUE,24,23,750,739,1519302,2023-07-05 09:56:05,2023-06-11 22:05:50,review
740,TRUE,24,23,751,740,2575378,2024-10-18 12:38:40,2024-05-05 00:38:41,review
741,TRUE,24,23,752,741,6555129,2023-06-06 04:04:57,2024-08-01 02:21:22,review
742,TRUE,24,23,753,742,741865,2024-03-28 09:46:21,2024-09-21 15:47:45,review
743,TRUE,24,23,754,743,413222,2023-05-30 01:58:24,2023-09-09 18:38:24,review
744,TRUE,25,23,755,744,8591832,2023-10-28 13:14:58,2024-06-19 09:48:26,review
745,TRUE,25,23,756,745,6565984,2024-07-05 06:33:56,2024-09-20 22:26:38,review
746,TRUE,25,23,757,746,9929243,2023-05-15 17:40:43,2024-06-14 11:26:31,review
747,TRUE,25,24,759,747,1383607,2024-06-20 10:54:17,2023-10-02 23:20:53,review
748,TRUE,25,24,760,748,1866232,2024-01-23 19:49:31,2024-03-26 20:05:10,review
749,TRUE,25,24,761,749,3187269,2024-08-04 12:27:54,2024-07-22 09:45:01,review
750,TRUE,25,24,762,750,5408555,2024-03-18 03:52:52,2024-03-01 08:36:44,review
751,TRUE,25,24,763,751,81107,2023-10-05 04:27:05,2023-04-21 02:19:09,review
752,TRUE,25,24,764,752,3362703,2023-06-18 03:07:41,2023-12-17 16:17:48,review
753,TRUE,25,24,765,753,1412198,2023-01-19 04:45:16,2024-08-26 23:29:40,review
754,TRUE,25,24,766,754,3216861,2023-03-07 03:03:09,2023-06-04 06:42:57,review
755,TRUE,25,24,767,755,1678693,2024-03-09 05:25:52,2023-10-13 11:19:21,review
756,TRUE,25,24,768,756,8138937,2023-01-01 03:52:04,2023-12-11 07:53:09,review
757,TRUE,25,24,770,757,6625682,2024-11-03 23:42:26,2024-01-07 06:01:41,review
758,TRUE,25,24,771,758,6957529,2024-12-07 12:50:50,2023-05-02 14:46:24,review
759,TRUE,25,24,772,759,188862,2024-08-31 12:39:39,2023-07-13 18:08:51,review
760,TRUE,25,24,773,760,2479967,2024-05-14 16:00:06,2023-11-17 03:18:32,review
761,TRUE,25,24,774,761,8371821,2024-10-09 23:52:40,2024-09-27 01:20:37,review
762,TRUE,25,24,775,762,3993267,2024-11-27 01:44:36,2022-11-15 00:19:39,review
763,TRUE,25,24,776,763,9962737,2022-12-16 00:08:52,2022-12-29 12:03:44,review
764,TRUE,25,24,777,764,9856859,2023-12-19 15:22:07,2023-10-27 16:14:59,review
765,TRUE,25,24,778,765,3168628,2024-10-07 04:28:11,2024-01-11 12:55:32,review
766,TRUE,25,24,779,766,9306286,2023-03-17 15:40:42,2024-03-27 14:35:10,review
767,TRUE,25,24,780,767,2004420,2024-10-16 07:23:56,2024-05-14 22:53:09,review
768,TRUE,25,24,781,768,7470818,2024-02-24 22:57:36,2024-06-20 17:43:46,review
769,TRUE,25,24,782,769,6188773,2024-06-27 06:35:42,2024-09-10 11:44:26,review
770,TRUE,25,24,783,770,3025611,2024-01-15 23:23:06,2024-06-23 02:41:48,review
771,TRUE,25,24,784,771,2258349,2023-08-31 09:04:06,2024-11-07 02:29:54,review
772,TRUE,26,24,785,772,7385230,2024-06-02 01:51:58,2024-09-29 09:04:15,review
773,TRUE,26,24,786,773,1200764,2023-07-05 02:33:27,2022-12-13 18:40:04,review
774,TRUE,26,25,787,774,2728199,2024-08-25 08:27:32,2023-01-20 20:08:12,review
775,TRUE,26,25,788,775,9437868,2024-10-15 20:42:30,2023-02-24 22:37:48,review
776,TRUE,26,25,789,776,5179471,2022-12-04 13:50:44,2024-06-08 10:46:26,review
777,TRUE,26,25,790,777,9827559,2023-12-17 04:24:28,2024-10-16 01:22:54,review
778,TRUE,26,25,791,778,8338502,2023-04-14 16:56:50,2023-09-01 23:10:02,review
779,TRUE,26,25,792,779,8729493,2023-03-28 07:56:21,2024-02-14 15:50:05,review
780,TRUE,26,25,793,780,1220659,2024-05-28 21:14:03,2024-03-18 09:40:04,review
781,TRUE,26,25,794,781,888075,2022-12-07 05:40:45,2024-12-18 12:27:49,review
782,TRUE,26,25,795,782,2716493,2023-07-01 01:44:28,2023-06-14 19:56:29,review
783,TRUE,26,25,796,783,4491685,2024-01-14 11:52:24,2023-06-10 23:49:36,review
784,TRUE,26,25,797,784,3212439,2024-10-19 12:54:48,2024-01-15 06:21:02,review
785,TRUE,26,25,798,785,3927502,2024-02-11 14:46:18,2022-12-05 15:46:57,review
786,TRUE,26,25,799,786,3379185,2024-03-27 08:22:18,2024-10-17 19:45:31,review
787,TRUE,26,25,800,787,6886560,2023-01-19 05:17:06,2024-12-15 15:12:26,review
788,TRUE,26,25,801,788,8237974,2023-08-24 03:08:40,2024-03-15 02:35:43,review
789,TRUE,26,25,802,789,9298929,2024-03-15 17:14:33,2023-02-19 17:26:53,review
790,TRUE,26,25,803,790,1155091,2023-10-28 15:34:41,2023-07-23 18:40:32,review
791,TRUE,26,25,805,791,2502765,2024-04-26 02:19:21,2023-02-22 04:00:41,review
792,TRUE,26,25,806,792,2024397,2023-11-06 19:58:14,2024-03-12 10:39:30,review
793,TRUE,26,25,807,793,517891,2024-11-23 02:57:02,2023-10-27 19:48:47,review
794,TRUE,26,25,808,794,8097328,2023-11-05 21:01:22,2022-12-25 08:19:38,review
795,TRUE,26,25,809,795,8916281,2023-03-22 23:01:46,2024-06-09 17:06:33,review
796,TRUE,26,25,810,796,7996292,2023-01-19 18:33:11,2023-06-24 12:01:46,review
797,TRUE,26,25,812,797,891654,2024-03-16 04:41:13,2023-01-19 22:41:52,review
798,TRUE,26,25,813,798,4506901,2024-11-03 14:14:07,2023-03-17 16:02:02,review
799,TRUE,26,25,814,799,9683100,2023-04-03 20:27:17,2024-09-18 20:47:01,review
800,TRUE,26,25,815,800,2468420,2023-01-13 14:04:35,2024-06-08 19:20:33,review
801,TRUE,26,25,816,801,8579347,2024-02-21 13:49:54,2024-09-14 22:25:51,review
802,TRUE,26,26,817,802,2211449,2023-02-24 06:03:26,2022-11-11 14:18:25,review
803,TRUE,27,26,818,803,5505782,2024-08-04 05:22:52,2023-08-21 03:17:52,review
804,TRUE,27,26,819,804,7845031,2024-07-12 19:13:53,2023-10-06 11:27:00,review
805,TRUE,27,26,820,805,7589471,2023-04-11 01:16:53,2023-01-09 21:26:36,review
806,TRUE,27,26,821,806,9702230,2024-01-01 13:38:04,2022-12-13 23:03:33,review
807,TRUE,27,26,822,807,857054,2024-08-07 16:15:51,2024-09-22 14:50:54,review
808,TRUE,27,26,823,808,37807,2022-12-28 04:25:44,2023-01-05 02:13:43,review
809,TRUE,27,26,824,809,9078336,2023-06-10 11:51:02,2023-06-02 02:14:56,review
810,TRUE,27,26,825,810,5014499,2024-09-12 06:48:19,2024-11-21 06:47:03,review
811,TRUE,27,26,826,811,1087439,2024-08-31 11:32:37,2023-05-27 01:10:58,review
812,TRUE,27,26,829,812,1871882,2024-12-28 02:00:14,2024-11-02 11:17:22,review
813,TRUE,27,26,830,813,5790664,2023-06-15 23:28:22,2023-12-08 21:31:34,review
814,TRUE,27,26,831,814,1021840,2024-05-07 07:48:58,2024-10-15 19:29:01,review
815,TRUE,27,26,832,815,3636195,2023-03-26 03:53:00,2023-04-01 00:44:58,review
816,TRUE,27,26,833,816,3534366,2024-11-08 07:27:07,2024-11-12 01:02:07,review
817,TRUE,27,26,834,817,203163,2023-09-28 15:49:27,2022-11-17 23:34:31,review
818,TRUE,27,26,835,818,9174819,2024-06-20 02:07:12,2022-11-10 05:52:23,review
819,TRUE,27,26,836,819,7265142,2024-01-28 00:36:20,2024-04-28 20:29:45,review
820,TRUE,27,26,837,820,7921766,2024-07-13 12:07:22,2023-02-05 05:50:08,review
821,TRUE,27,26,838,821,4654932,2024-10-20 14:37:25,2023-08-21 06:59:54,review
822,TRUE,27,26,839,822,8174461,2024-11-11 00:58:30,2024-10-28 09:44:32,review
823,TRUE,27,26,840,823,4961548,2022-12-31 22:57:44,2024-11-23 16:30:46,review
824,TRUE,27,26,841,824,4009090,2024-12-29 15:15:16,2023-10-04 10:57:42,review
825,TRUE,27,26,842,825,8372838,2023-02-03 16:25:28,2023-01-30 05:45:43,review
826,TRUE,27,26,843,826,6298250,2024-04-23 05:35:21,2024-05-10 15:05:05,review
827,TRUE,27,26,844,827,6382527,2024-10-20 17:00:49,2024-06-03 02:50:31,review
828,TRUE,27,26,845,828,5451738,2023-01-25 19:37:45,2023-02-08 14:19:01,review
829,TRUE,27,26,846,829,9994148,2023-10-19 11:15:44,2024-12-18 19:15:53,review
830,TRUE,27,26,847,830,9521656,2023-07-09 22:38:06,2024-06-17 10:00:25,review
831,TRUE,27,26,848,831,9307084,2023-02-05 16:04:33,2024-12-28 02:56:42,review
832,TRUE,27,26,849,832,3846354,2022-12-08 05:55:34,2024-11-10 18:54:00,review
833,TRUE,27,27,850,833,2177817,2023-11-25 22:36:33,2024-01-06 00:37:19,review
834,TRUE,27,27,851,834,438970,2024-06-18 22:28:21,2024-09-15 23:38:07,review
835,TRUE,27,27,852,835,9284227,2022-11-22 08:48:53,2024-01-13 00:38:29,review
836,TRUE,27,27,853,836,7479938,2024-05-15 18:12:44,2022-11-21 15:41:23,review
837,TRUE,27,27,854,837,5402244,2024-10-21 05:34:22,2022-12-28 17:46:39,review
838,TRUE,27,27,855,838,3117540,2023-05-25 03:16:07,2024-07-25 15:12:17,review
839,TRUE,28,27,856,839,6788597,2024-07-07 22:39:18,2024-01-31 05:37:42,review
840,TRUE,28,27,857,840,9372475,2023-05-28 18:12:52,2024-12-21 18:40:31,review
841,TRUE,28,27,858,841,4028833,2024-03-14 18:34:57,2024-08-02 09:56:59,review
842,TRUE,28,27,859,842,6907254,2023-11-08 19:30:26,2023-09-23 05:39:22,review
843,TRUE,28,27,860,843,6526754,2023-05-11 23:44:05,2023-04-09 17:08:31,review
844,TRUE,28,27,861,844,2578903,2024-03-31 06:11:43,2023-06-09 04:57:30,review
845,TRUE,28,27,862,845,2849129,2023-10-09 03:53:23,2023-10-18 04:39:01,review
846,TRUE,28,27,863,846,1597312,2023-07-11 20:01:06,2023-10-19 15:48:19,review
847,TRUE,28,27,864,847,2139930,2024-09-01 06:03:01,2023-10-18 01:47:57,review
848,TRUE,28,27,865,848,9811788,2024-05-05 10:45:38,2023-06-20 05:31:57,review
849,TRUE,28,27,866,849,6744109,2023-02-18 04:29:54,2023-04-13 11:06:56,review
850,TRUE,28,27,867,850,5274576,2024-12-06 01:42:44,2023-12-06 00:02:37,review
851,TRUE,28,27,868,851,7864648,2023-02-24 11:32:35,2023-08-06 08:19:38,review
852,TRUE,28,27,869,852,5985103,2022-11-24 02:01:48,2024-04-07 20:01:26,review
853,TRUE,28,27,870,853,6568302,2023-03-02 19:16:35,2024-08-13 23:52:01,review
854,TRUE,28,27,871,854,2879075,2023-05-11 06:09:32,2024-02-11 06:52:52,review
855,TRUE,28,27,872,855,8153230,2023-11-25 04:17:31,2024-05-02 06:54:40,review
856,TRUE,28,27,873,856,6261689,2024-06-10 15:17:17,2023-07-04 15:43:17,review
857,TRUE,28,27,874,857,9362489,2024-02-15 20:16:09,2023-07-22 08:11:05,review
858,TRUE,28,27,875,858,4174570,2023-11-20 03:14:01,2024-11-10 11:15:52,review
859,TRUE,28,27,876,859,7035273,2024-12-06 03:54:32,2023-02-15 11:32:01,review
860,TRUE,28,27,877,860,5607540,2024-01-14 03:13:31,2023-09-07 23:01:39,review
861,TRUE,28,27,878,861,6524172,2022-12-26 14:23:43,2023-01-05 22:49:54,review
862,TRUE,28,27,879,862,1385131,2024-06-06 08:27:58,2024-06-03 20:48:45,review
863,TRUE,28,27,880,863,581277,2024-10-19 16:37:55,2024-01-24 08:27:43,review
864,TRUE,28,27,881,864,9087164,2024-12-18 11:30:31,2023-09-08 09:31:38,review
865,TRUE,28,27,882,865,5778539,2023-11-21 18:43:36,2023-07-18 03:13:15,review
866,TRUE,28,27,883,866,2691730,2024-10-19 23:23:40,2023-03-27 09:34:21,review
867,TRUE,28,27,884,867,2073853,2023-12-31 18:37:48,2024-11-28 20:19:49,review
868,TRUE,28,27,885,868,2547495,2024-12-03 14:20:02,2024-03-20 03:49:05,review
869,TRUE,28,28,886,869,1493323,2023-11-12 02:30:09,2023-03-02 19:41:34,review
870,TRUE,28,28,887,870,3687175,2023-08-18 09:23:04,2023-03-31 07:46:23,review
871,TRUE,28,28,889,871,3862651,2023-10-25 03:40:31,2024-02-29 10:42:20,review
872,TRUE,28,28,890,872,6243431,2023-05-20 15:57:02,2023-04-29 17:04:42,review
873,TRUE,28,28,891,873,8296741,2023-04-10 00:51:23,2024-03-07 18:30:25,review
874,TRUE,28,28,892,874,1153878,2024-04-26 19:31:49,2022-11-26 18:02:17,review
875,TRUE,29,28,893,875,6836332,2023-04-26 06:58:35,2023-09-02 23:15:55,review
876,TRUE,29,28,895,876,571801,2023-02-15 07:57:13,2024-01-16 11:35:46,review
877,TRUE,29,28,896,877,8601119,2023-10-03 05:58:24,2024-07-20 11:07:48,review
878,TRUE,29,28,897,878,8229343,2022-12-23 19:03:02,2023-12-29 18:45:24,review
879,TRUE,29,28,898,879,7940292,2024-01-02 11:50:16,2024-05-30 11:52:05,review
880,TRUE,29,28,899,880,3499898,2024-11-03 16:07:36,2023-04-22 06:48:01,review
881,TRUE,29,28,900,881,2779801,2023-09-21 18:17:41,2023-11-03 10:36:20,review
882,TRUE,29,28,901,882,4184070,2024-03-06 02:32:32,2024-05-28 17:57:16,review
883,TRUE,29,28,902,883,1361951,2023-05-28 03:33:31,2023-01-16 20:08:17,review
884,TRUE,29,28,903,884,6724961,2023-02-27 15:17:57,2024-07-13 11:49:32,review
885,TRUE,29,28,904,885,220527,2024-02-08 20:29:42,2024-12-26 14:32:45,review
886,TRUE,29,28,905,886,236742,2024-11-10 16:10:18,2023-04-29 05:52:18,review
887,TRUE,29,28,906,887,1343062,2023-05-24 13:46:16,2024-05-05 15:51:52,review
888,TRUE,29,28,907,888,573628,2024-06-08 12:18:19,2023-03-25 16:45:37,review
889,TRUE,29,28,908,889,2189122,2023-05-21 12:30:29,2024-03-07 14:12:17,review
890,TRUE,29,28,909,890,2259711,2023-06-10 03:55:30,2023-01-06 11:19:14,review
891,TRUE,29,28,911,891,7712113,2024-09-03 11:30:21,2023-02-24 09:32:21,review
892,TRUE,29,28,913,892,1821208,2024-05-23 02:02:19,2024-03-07 16:09:24,review
893,TRUE,29,28,914,893,5017245,2023-08-11 13:02:07,2023-10-18 00:45:55,review
894,TRUE,29,28,915,894,7621863,2023-07-09 13:55:37,2023-03-04 22:24:14,review
895,TRUE,29,28,916,895,9101220,2024-12-15 17:56:08,2023-04-19 00:31:43,review
896,TRUE,29,28,917,896,5016789,2024-07-13 02:50:21,2024-01-18 07:14:04,review
897,TRUE,29,28,918,897,3555724,2024-11-13 04:02:43,2024-12-25 08:04:38,review
898,TRUE,29,28,919,898,6214133,2022-12-29 16:05:17,2024-07-08 00:16:50,review
899,TRUE,29,28,920,899,2305346,2023-06-07 23:00:35,2024-09-07 09:54:33,review
900,TRUE,29,28,921,900,6358859,2024-07-20 09:04:55,2024-12-03 04:39:49,review
901,TRUE,29,28,922,901,6457874,2024-07-18 17:44:35,2024-06-21 20:33:34,review
902,TRUE,29,28,923,902,7966816,2023-01-13 08:14:33,2023-06-13 07:36:28,review
903,TRUE,29,28,924,903,521611,2023-01-05 18:21:55,2024-01-16 20:03:18,review
904,TRUE,29,28,925,904,4739119,2023-02-25 19:53:43,2023-02-14 03:37:09,review
905,TRUE,29,29,926,905,9379681,2024-08-17 04:49:10,2024-08-23 20:38:24,review
906,TRUE,29,29,927,906,4171915,2023-01-28 22:06:24,2024-04-12 14:30:16,review
907,TRUE,29,29,929,907,8720726,2024-06-08 12:24:56,2024-06-07 14:38:48,review
908,TRUE,29,29,930,908,3494272,2024-11-27 19:05:42,2024-04-24 13:59:08,review
909,TRUE,29,29,931,909,4177649,2023-06-07 07:55:40,2023-02-28 16:20:45,review
910,TRUE,29,29,932,910,2443510,2023-07-05 17:45:05,2023-04-15 06:50:46,review
911,TRUE,29,29,933,911,3481912,2024-10-04 18:01:02,2024-12-30 13:15:47,review
912,TRUE,29,29,934,912,7213252,2024-04-15 17:35:43,2024-03-11 10:19:05,review
913,TRUE,30,29,935,913,1332310,2023-02-17 05:33:48,2023-12-15 23:04:56,review
914,TRUE,30,29,936,914,1336440,2023-02-12 19:31:09,2023-06-22 22:05:37,review
915,TRUE,30,29,937,915,1070884,2023-09-25 09:56:25,2023-05-12 15:08:23,review
916,TRUE,30,29,938,916,4470720,2024-03-09 15:29:00,2023-02-10 15:14:38,review
917,TRUE,30,29,939,917,485507,2023-07-01 19:11:35,2023-02-01 02:38:08,review
918,TRUE,30,29,940,918,6205292,2024-07-04 04:20:09,2023-05-19 23:13:20,review
919,TRUE,30,29,941,919,5604698,2024-03-22 17:55:28,2024-05-10 21:01:07,review
920,TRUE,30,29,942,920,1508355,2024-01-30 01:42:34,2024-03-29 23:52:31,review
921,TRUE,30,29,943,921,3249833,2023-09-01 22:59:58,2024-05-27 01:19:48,review
922,TRUE,30,29,944,922,2229921,2023-05-13 06:25:56,2024-02-16 18:55:37,review
923,TRUE,30,29,945,923,1904656,2024-11-25 00:53:46,2023-07-20 04:55:20,review
924,TRUE,30,29,946,924,4254831,2024-07-17 22:55:33,2024-01-23 19:15:30,review
925,TRUE,30,29,947,925,6885825,2024-03-24 20:57:15,2024-10-16 21:50:36,review
926,TRUE,30,29,948,926,6776161,2023-04-25 20:50:51,2024-08-29 08:34:50,review
927,TRUE,30,29,949,927,4900026,2024-01-19 22:59:18,2022-12-17 13:11:21,review
928,TRUE,30,29,951,928,9660588,2023-10-19 16:42:15,2024-11-24 08:50:43,review
929,TRUE,30,29,952,929,2005076,2024-09-17 20:42:21,2024-02-08 13:05:22,review
930,TRUE,30,29,954,930,127315,2023-07-10 08:37:22,2024-05-02 21:37:14,review
931,TRUE,30,29,955,931,5248477,2024-04-08 05:08:55,2023-06-11 01:24:39,review
932,TRUE,30,29,957,932,6350931,2024-08-04 16:59:53,2024-10-09 08:12:41,review
933,TRUE,30,29,958,933,7285478,2023-03-17 20:48:10,2022-11-16 06:36:07,review
934,TRUE,30,29,959,934,3226006,2024-09-14 18:14:53,2024-11-07 00:09:17,review
935,TRUE,30,29,960,935,1652073,2023-12-16 12:46:13,2023-09-21 16:04:36,review
936,TRUE,30,29,961,936,2949781,2024-11-17 17:08:27,2024-02-02 06:17:23,review
937,TRUE,30,29,962,937,6545164,2024-05-06 07:08:57,2024-08-21 23:11:44,review
938,TRUE,30,29,963,938,4932488,2022-12-18 16:17:25,2023-10-05 11:52:19,review
939,TRUE,30,29,964,939,9328460,2023-12-02 15:26:38,2023-06-15 08:16:06,review
940,TRUE,30,29,965,940,1830585,2023-07-23 07:30:54,2023-01-08 23:04:34,review
941,TRUE,30,29,966,941,9399604,2023-11-02 06:22:59,2023-02-09 01:59:46,review
942,TRUE,30,29,967,942,7795052,2024-03-05 02:52:27,2023-08-31 16:28:34,review
943,TRUE,30,30,968,943,5985852,2024-06-07 21:02:41,2023-09-18 02:09:29,review
944,TRUE,30,30,970,944,5035591,2024-10-06 14:47:08,2023-02-15 08:41:06,review
945,TRUE,30,30,2,945,6320937,2024-10-22 15:48:19,2023-06-16 10:03:08,review
946,TRUE,30,30,3,946,1571995,2023-02-08 19:37:50,2024-10-24 01:53:41,review
947,TRUE,30,30,4,947,4061719,2024-03-21 08:51:21,2023-06-12 20:38:36,review
948,TRUE,30,30,5,948,6538490,2024-07-18 07:08:40,2023-11-23 05:18:12,review
949,TRUE,30,30,6,949,3822165,2023-08-10 06:21:13,2022-12-25 22:32:46,review
950,TRUE,30,30,7,950,8663799,2023-05-05 11:45:46,2024-07-18 14:56:39,review
951,TRUE,30,30,8,951,9923106,2024-03-01 02:51:01,2022-11-21 01:25:30,review
952,TRUE,31,30,9,952,5661368,2024-03-14 04:19:16,2023-03-13 05:23:03,review
953,TRUE,31,30,2,953,6211968,2024-05-31 12:36:53,2022-12-31 04:00:48,review
954,TRUE,31,30,3,954,4109710,2024-05-26 08:53:05,2024-04-28 04:20:25,review
955,TRUE,31,30,4,955,1263641,2024-02-07 18:52:57,2023-07-11 01:15:30,review
956,TRUE,31,30,5,956,4358842,2024-10-07 23:04:30,2024-10-02 15:00:10,review
957,TRUE,31,30,6,957,8261314,2024-05-16 15:06:45,2023-01-24 01:02:11,review
958,TRUE,31,30,7,958,7280963,2024-02-23 01:42:40,2024-01-31 11:38:10,review
959,TRUE,31,30,8,959,8505086,2023-06-02 23:29:55,2023-03-18 03:00:52,review
960,TRUE,31,30,9,960,6470176,2024-07-13 20:34:35,2024-03-02 16:03:05,review
961,TRUE,31,30,2,961,7580152,2024-02-12 08:49:01,2023-05-10 16:57:13,review
962,TRUE,31,30,3,962,5888253,2024-07-26 05:44:04,2023-01-02 23:54:02,review
963,TRUE,31,30,4,963,1338724,2023-07-17 17:24:28,2023-05-01 06:03:32,review
964,TRUE,31,30,5,964,8799558,2023-04-07 00:38:14,2023-08-17 04:46:44,review
965,TRUE,31,30,6,965,7683941,2023-05-13 01:54:19,2024-07-15 18:15:40,review
966,TRUE,31,30,7,966,6020287,2024-06-17 01:11:02,2024-04-21 13:37:06,review
967,TRUE,31,30,8,967,4045445,2023-01-29 13:03:52,2024-05-23 10:43:43,review
968,TRUE,31,30,9,968,8686275,2024-09-06 03:21:01,2024-11-11 20:50:57,review
969,TRUE,31,30,2,969,7752090,2024-03-09 13:45:54,2024-07-20 10:17:31,review
970,TRUE,31,30,3,970,6817444,2024-03-22 09:34:35,2023-10-12 09:27:26,review
971,TRUE,1,30,4,971,6142198,2024-10-07 01:46:13,2024-07-26 11:03:35,review
972,TRUE,1,30,5,972,3076082,2023-08-27 04:18:32,2024-08-03 22:46:42,review
973,TRUE,1,30,6,973,4058220,2024-12-10 22:36:36,2023-02-07 08:49:49,review
974,TRUE,1,30,2,974,7706392,2023-03-27 20:25:52,2024-08-22 04:45:26,review
975,TRUE,1,30,3,975,9792162,2023-02-15 00:47:12,2023-12-14 19:03:09,review
976,TRUE,1,30,4,976,8731672,2023-02-05 15:22:16,2024-04-30 06:52:37,review
977,TRUE,1,30,5,977,7140892,2023-05-22 17:22:28,2023-05-17 23:26:54,review
978,TRUE,1,30,6,978,6220908,2024-09-17 20:49:01,2024-07-03 17:54:28,review
979,TRUE,1,30,7,979,7449615,2024-05-18 02:01:06,2024-05-15 08:14:59,review
980,TRUE,1,30,8,980,8444549,2024-07-29 03:48:18,2024-01-26 03:19:17,review
981,TRUE,1,30,9,981,3258808,2024-04-05 10:02:28,2023-09-30 16:33:45,review
982,TRUE,1,31,10,982,3970562,2023-11-21 05:48:57,2023-11-07 12:29:04,review
983,TRUE,1,31,11,983,2997100,2023-10-01 00:06:07,2023-08-08 13:49:14,review
984,TRUE,1,31,12,984,5548570,2023-04-20 11:18:01,2023-03-27 05:26:24,review
985,TRUE,1,31,13,985,897357,2023-10-01 21:50:37,2024-11-08 03:14:48,review
986,TRUE,1,31,14,986,4789618,2024-11-06 06:36:34,2024-07-31 09:27:02,review
987,TRUE,1,31,15,987,2310661,2023-05-31 07:25:26,2023-07-02 08:22:49,review
988,TRUE,1,31,16,988,5588188,2023-02-13 11:03:54,2024-12-11 09:14:10,review
989,TRUE,1,31,17,989,5181483,2023-05-26 18:20:59,2023-07-29 00:47:45,review
990,TRUE,1,31,18,990,4318570,2024-10-08 06:02:30,2024-03-24 08:40:25,review
991,TRUE,1,31,19,991,8811535,2024-02-28 18:22:50,2024-02-04 12:53:02,review
992,TRUE,1,31,20,992,7438974,2022-12-04 03:00:52,2024-12-16 12:08:03,review
993,TRUE,1,31,2,993,6256046,2022-12-05 08:26:40,2024-08-24 07:22:17,review
994,TRUE,1,31,3,994,7880706,2023-11-17 00:46:46,2024-08-07 10:31:06,review
995,TRUE,1,31,4,995,2049714,2022-12-20 21:53:45,2023-09-26 03:41:31,review
996,TRUE,1,31,5,996,7186890,2023-09-27 06:35:14,2023-02-09 12:47:27,review
997,TRUE,1,31,6,997,1737748,2024-10-14 03:27:01,2023-06-15 11:34:56,review
998,TRUE,1,31,7,998,3547102,2024-06-02 15:09:42,2023-05-13 18:39:57,review
999,TRUE,1,31,8,999,8980270,2024-10-09 18:26:31,2024-07-02 14:25:27,review
1000,TRUE,1,31,9,1000,9680847,2023-01-13 17:46:24,2024-07-05 19:10:11,review