id,property_id,client_id,broker_id,status,time
1,206,160,10,1,2023-02-15 04:28:01
2,243,319,9,1,2022-11-25 18:04:53
3,581,619,9,4,2023-09-05 09:52:09
4,3,382,12,3,2023-10-08 21:57:41
5,896,759,10,3,2023-07-02 20:11:04
6,707,811,10,4,2023-05-17 01:26:13
7,126,438,9,4,2023-04-24 01:08:56
8,6,633,10,1,2023-03-16 14:04:34
9,386,398,10,2,2023-06-29 08:01:51
10,439,719,9,4,2023-06-15 18:01:34
11,661,100,11,4,2023-04-01 16:42:24
12,397,641,12,3,2023-04-19 05:31:46
13,610,862,9,1,2023-12-03 10:19:22
14,452,500,12,2,2023-04-18 05:32:54
15,296,374,9,1,2023-05-18 11:45:35
16,278,193,13,4,2022-11-07 22:06:08
17,211,295,10,4,2023-09-20 18:49:15
18,480,577,10,2,2023-07-03 07:12:56
19,503,20,11,1,2023-04-15 09:00:40
20,483,760,9,1,2023-12-19 16:04:08
21,175,842,13,3,2023-03-01 06:13:56
22,276,389,12,2,2023-10-08 20:37:40
23,689,763,9,2,2023-01-14 23:57:02
24,371,870,11,1,2023-02-03 23:57:43
25,448,668,13,4,2023-05-02 09:50:22
26,181,244,9,2,2023-07-08 01:05:02
27,711,558,10,2,2023-03-19 03:34:13
28,300,828,11,4,2023-05-11 08:32:35
29,280,10,10,3,2023-03-09 13:35:35
30,810,72,9,2,2022-12-20 11:24:03
31,879,771,11,4,2023-10-07 14:16:10
32,466,858,9,1,2023-06-25 10:21:26
33,783,487,12,2,2022-12-27 03:14:46
34,680,676,10,3,2022-12-17 23:52:52
35,347,609,10,3,2023-09-12 14:08:13
36,188,373,9,2,2023-11-09 08:40:58
37,483,162,11,3,2023-07-23 10:34:56
38,369,236,10,1,2023-12-23 04:41:49
39,425,493,9,2,2023-09-15 20:46:01
40,358,187,11,2,2022-12-31 04:20:50
41,93,395,12,2,2023-08-27 13:54:47
42,426,373,12,4,2023-12-25 19:00:25
43,836,470,12,1,2023-04-25 13:27:58
44,577,512,12,2,2023-06-03 17:16:15
45,433,540,11,1,2023-04-20 18:53:24
46,189,788,11,3,2023-10-14 09:55:56
47,892,646,12,4,2023-10-27 20:34:01
48,55,521,13,3,2022-10-25 19:27:34
49,285,792,11,3,2023-03-27 03:58:10
50,478,611,9,3,2023-04-19 10:17:26
51,247,188,12,1,2023-01-19 23:10:34
52,83,687,10,3,2023-09-17 00:10:52
53,566,493,12,1,2023-01-15 07:54:54
54,834,815,9,2,2023-10-09 12:38:27
55,279,383,10,4,2023-05-03 00:31:23
56,226,272,12,1,2023-09-18 19:55:41
57,836,735,11,2,2023-11-15 20:24:55
58,486,41,10,1,2023-12-29 09:49:32
59,290,301,12,2,2023-03-24 13:28:21
60,304,472,11,2,2023-11-15 12:09:20
61,422,433,12,1,2023-01-10 17:19:40
62,299,476,10,4,2023-08-22 01:03:28
63,205,367,10,1,2023-11-23 05:57:14
64,871,493,9,1,2023-03-06 04:15:08
65,500,535,10,1,2023-08-03 13:08:21
66,257,841,10,4,2023-08-01 06:42:49
67,60,616,13,1,2023-06-27 10:34:33
68,626,95,12,4,2023-08-02 21:55:22
69,41,367,11,2,2023-05-03 08:43:58
70,753,494,11,3,2023-11-16 21:08:30
71,230,437,13,4,2023-05-05 08:11:45
72,163,117,11,2,2022-11-20 20:07:34
73,504,737,12,2,2023-09-04 08:43:11
74,683,640,10,4,2023-10-02 01:27:20
75,100,425,12,1,2023-05-09 10:24:23
76,431,499,9,4,2023-10-16 10:47:33
77,785,898,10,1,2023-11-07 20:36:15
78,502,770,12,4,2023-09-22 01:59:50
79,668,195,9,3,2023-09-29 23:25:21
80,516,249,9,2,2023-08-15 12:01:53
81,216,799,11,4,2023-10-20 04:54:49
82,802,220,13,1,2023-04-26 00:12:34
83,178,624,10,2,2023-11-26 11:24:58
84,460,129,13,3,2023-07-04 15:04:19
85,417,523,10,2,2022-12-16 15:31:17
86,773,129,12,2,2023-06-25 12:16:57
87,31,372,12,3,2023-03-27 22:00:57
88,628,124,13,2,2023-12-18 21:40:28
89,82,702,13,3,2023-02-25 18:33:00
90,785,850,10,3,2023-04-12 23:53:16
91,539,222,11,3,2023-01-11 06:47:46
92,168,434,13,1,2023-04-02 16:12:36
93,148,346,13,3,2022-10-29 17:29:09
94,445,899,11,1,2023-09-22 20:48:28
95,636,108,11,4,2022-11-23 02:05:44
96,888,764,10,1,2023-04-17 21:39:10
97,559,464,12,1,2023-03-19 01:19:28
98,548,111,9,3,2023-08-15 05:59:28
99,79,579,11,4,2023-07-28 11:47:36
100,166,871,11,4,2023-02-18 13:39:53
101,874,782,9,1,2023-11-21 07:03:44
102,173,158,10,2,2023-07-21 02:51:21
103,792,475,11,1,2022-11-07 14:52:45
104,737,576,10,1,2022-11-12 02:42:02
105,857,457,12,4,2022-11-15 03:40:04
106,448,106,10,4,2023-03-09 00:52:22
107,86,651,9,2,2023-07-13 11:47:19
108,313,563,13,3,2023-11-03 08:17:05
109,18,92,13,1,2023-02-24 19:11:37
110,677,45,11,4,2023-09-12 09:10:07
111,70,311,12,2,2023-09-12 17:24:14
112,502,283,12,1,2023-09-28 07:38:49
113,53,478,10,4,2023-12-06 04:10:25
114,720,103,9,4,2023-01-23 15:38:38
115,99,744,12,3,2022-10-26 10:28:41
116,355,479,11,2,2022-12-05 16:41:01
117,548,534,11,2,2023-09-12 19:43:23
118,22,480,12,2,2023-05-11 02:54:57
119,651,151,11,1,2023-12-11 18:36:19
120,711,233,10,1,2023-10-04 16:30:44
121,413,269,12,4,2022-11-21 02:29:29
122,490,615,13,1,2022-12-29 00:48:00
123,325,55,11,2,2023-09-10 05:45:13
124,120,318,10,1,2023-10-03 07:19:19
125,8,872,9,3,2023-05-27 10:03:49
126,273,675,13,4,2023-05-16 05:19:13
127,32,693,13,3,2023-06-24 11:53:50
128,888,884,12,3,2022-12-23 15:29:20
129,432,689,13,2,2023-08-29 07:57:22
130,737,403,13,3,2023-12-14 04:13:51
131,803,139,10,4,2023-04-21 20:25:20
132,523,335,13,3,2023-10-31 10:09:38
133,49,216,13,4,2023-04-20 10:24:04
134,534,315,12,3,2023-12-09 23:54:48
135,89,182,13,1,2023-04-25 00:41:11
136,235,703,10,1,2023-03-24 16:26:15
137,166,253,12,2,2023-06-04 09:59:03
138,128,106,12,2,2022-12-22 05:47:24
139,865,620,11,3,2023-10-24 17:47:50
140,489,431,10,2,2022-11-24 01:44:32
141,877,186,12,2,2023-02-11 05:05:36
142,29,813,12,4,2022-10-30 02:34:47
143,401,98,12,2,2023-10-19 11:47:03
144,419,129,13,1,2023-04-06 16:11:45
145,87,341,10,1,2023-08-11 11:55:34
146,538,200,11,2,2023-12-26 08:23:03
147,768,745,11,4,2023-06-11 11:09:26
148,49,652,13,3,2022-11-07 04:12:03
149,748,544,13,3,2023-10-24 22:37:37
150,170,591,10,2,2023-08-07 06:33:44
151,653,574,10,4,2023-10-30 04:26:03
152,290,237,11,4,2023-11-20 11:41:35
153,628,120,9,2,2023-01-16 07:38:00
154,669,599,9,3,2023-03-17 19:02:14
155,811,98,11,4,2023-01-01 15:11:12
156,112,702,12,2,2022-12-31 01:08:24
157,439,856,9,4,2023-01-16 19:29:18
158,664,778,12,4,2023-03-17 03:05:53
159,168,147,12,1,2023-11-12 14:50:55
160,496,329,12,3,2023-07-03 07:51:28
161,832,512,10,1,2023-11-20 13:39:41
162,145,580,10,2,2023-10-28 21:13:57
163,255,555,12,3,2023-10-21 22:52:15
164,643,478,9,1,2023-12-29 09:32:31
165,643,499,12,4,2023-05-19 23:27:00
166,695,654,11,2,2022-11-01 20:11:22
167,296,668,13,4,2023-11-01 14:50:25
168,566,751,11,1,2022-12-09 01:44:03
169,393,447,11,1,2023-02-27 12:02:38
170,717,687,12,4,2023-08-05 06:47:09
171,582,734,9,3,2023-05-20 13:01:37
172,882,459,12,2,2023-01-14 11:18:01
173,771,894,10,3,2023-10-29 11:01:17
174,255,341,9,4,2023-05-04 01:28:32
175,14,159,9,2,2023-10-20 17:13:48
176,18,366,9,4,2023-03-02 15:09:33
177,761,7,13,2,2022-12-06 12:01:47
178,244,106,13,3,2023-10-30 07:35:18
179,130,819,13,1,2022-11-10 03:36:10
180,582,740,13,3,2023-10-26 02:02:33
181,318,20,10,1,2023-05-09 21:16:06
182,444,394,13,1,2023-03-31 01:02:00
183,724,623,10,4,2023-05-22 15:33:30
184,889,650,12,2,2023-05-27 21:05:57
185,704,537,12,3,2023-08-11 18:13:31
186,251,852,10,3,2022-12-21 19:58:09
187,849,75,12,1,2022-11-02 18:04:29
188,85,612,11,3,2023-01-16 18:52:50
189,546,645,9,4,2023-02-06 09:36:14
190,3,616,9,3,2023-07-12 18:53:40
191,578,273,11,4,2023-09-29 18:27:27
192,537,496,13,2,2023-03-05 09:31:44
193,611,744,13,3,2023-04-16 03:51:14
194,627,83,13,3,2023-03-06 11:26:31
195,360,772,9,3,2022-11-07 20:04:14
196,341,790,13,1,2023-10-03 05:32:01
197,598,396,9,2,2023-04-29 01:15:22
198,588,863,13,3,2022-11-09 13:14:51
199,615,113,13,1,2023-01-07 13:09:33
200,114,623,10,3,2023-09-28 12:54:57
201,10,676,13,3,2023-12-19 04:27:52
202,462,378,9,3,2022-11-24 21:13:48
203,607,624,9,2,2023-05-30 01:31:00
204,649,898,11,3,2022-11-18 12:38:03
205,190,497,10,1,2023-01-08 14:00:15
206,723,511,13,1,2023-12-07 15:27:25
207,184,754,13,2,2023-04-09 13:44:01
208,154,214,10,1,2022-11-04 11:57:36
209,841,131,10,2,2023-02-17 19:04:04
210,335,499,10,4,2023-05-06 03:19:44
211,326,525,11,3,2023-02-03 03:44:37
212,843,193,11,2,2023-12-09 02:57:39
213,821,654,12,1,2023-01-09 15:02:17
214,106,81,13,1,2023-07-07 01:09:51
215,253,105,11,2,2023-05-22 20:46:14
216,318,133,10,1,2023-11-21 14:46:23
217,744,820,11,1,2023-08-03 20:35:00
218,242,292,9,4,2022-11-09 01:03:47
219,702,658,9,2,2023-06-08 00:01:48
220,684,218,12,2,2023-09-23 05:14:29
221,808,19,10,1,2022-12-03 23:56:35
222,145,36,13,4,2023-08-08 16:36:52
223,503,394,11,1,2023-03-18 22:21:58
224,493,283,10,2,2023-04-02 19:42:20
225,774,30,11,1,2023-09-30 22:59:08
226,8,144,13,4,2023-07-11 07:51:31
227,567,854,9,4,2023-07-23 12:32:36
228,115,703,13,2,2023-12-28 22:44:01
229,509,464,11,2,2023-01-07 07:24:33
230,342,97,10,1,2023-08-02 07:12:01
231,101,614,12,4,2023-07-11 07:04:15
232,897,375,11,1,2023-04-06 13:37:33
233,433,297,9,3,2023-11-24 10:52:27
234,864,745,11,3,2022-12-01 08:54:22
235,430,403,13,1,2023-12-25 08:06:01
236,425,583,11,3,2022-11-03 08:21:08
237,484,102,10,1,2023-04-24 19:21:52
238,780,871,9,1,2023-05-05 11:19:21
239,353,723,11,4,2023-02-27 23:22:55
240,94,860,10,3,2023-02-15 16:44:48
241,614,525,11,2,2023-09-22 15:22:19
242,131,848,9,3,2022-11-23 01:30:02
243,511,404,13,3,2022-12-29 13:17:50
244,393,43,9,2,2022-12-19 03:51:05
245,536,43,9,3,2023-03-29 20:48:27
246,425,849,13,4,2023-11-08 11:37:38
247,240,232,12,2,2023-06-30 13:01:11
248,462,103,10,1,2023-04-08 22:51:45
249,125,49,10,1,2023-12-02 21:41:44
250,835,257,11,4,2023-07-02 15:18:19
251,441,161,12,2,2023-04-07 02:59:43
252,278,729,13,2,2023-05-30 22:36:21
253,61,256,12,4,2023-01-03 19:03:48
254,616,730,12,3,2023-10-04 19:30:34
255,253,72,13,2,2022-11-04 19:42:19
256,130,655,9,1,2022-12-28 14:25:05
257,139,343,11,2,2022-11-08 13:40:14
258,303,807,11,1,2023-06-22 01:54:54
259,648,174,10,4,2023-11-24 09:22:20
260,573,162,12,1,2023-04-27 02:31:27
261,749,320,13,4,2023-09-10 18:38:31
262,20,268,10,3,2023-05-29 00:38:30
263,506,326,12,3,2023-07-30 03:51:25
264,643,60,12,2,2023-02-15 19:14:51
265,897,624,10,1,2023-05-08 18:51:37
266,644,877,12,1,2023-02-16 15:11:20
267,721,129,13,2,2023-10-13 15:21:22
268,230,554,13,2,2023-03-01 07:15:58
269,159,87,9,1,2023-03-21 14:47:53
270,189,208,13,2,2023-10-04 14:25:31
271,497,718,10,1,2023-02-10 11:20:17
272,510,399,9,1,2023-10-12 03:35:17
273,334,657,10,1,2023-05-31 21:59:47
274,197,669,13,1,2023-11-24 23:24:39
275,713,46,13,2,2022-12-19 11:13:08
276,273,370,9,1,2023-04-23 00:57:27
277,665,307,9,2,2023-01-29 12:21:05
278,54,599,10,1,2023-12-04 01:13:12
279,80,143,10,4,2023-03-30 06:58:23
280,256,746,10,1,2023-01-27 23:30:39
281,411,66,10,2,2023-10-12 16:19:55
282,650,857,12,4,2023-03-14 17:58:09
283,86,358,9,4,2023-04-27 15:15:09
284,866,185,12,2,2023-05-25 18:34:50
285,220,807,9,3,2023-11-09 22:56:59
286,371,788,13,3,2023-03-20 19:12:40
287,177,97,11,4,2023-04-23 18:07:21
288,427,817,10,3,2023-03-05 15:05:40
289,880,384,12,1,2023-11-14 23:09:12
290,596,125,10,4,2023-10-16 21:49:49
291,406,754,9,2,2022-12-28 18:40:57
292,652,855,13,3,2022-11-30 21:25:47
293,560,480,13,1,2023-10-28 01:12:26
294,726,835,13,4,2022-10-25 08:11:51
295,780,288,13,3,2023-08-23 02:15:10
296,634,472,11,1,2023-07-16 15:56:55
297,239,721,9,3,2022-12-21 20:51:47
298,81,307,9,2,2023-12-30 09:13:58
299,633,601,13,4,2023-07-27 15:01:32
300,442,57,13,2,2022-10-29 05:07:01
301,275,761,12,3,2023-02-07 23:52:22
302,751,788,13,2,2023-03-23 02:06:26
303,331,566,13,4,2022-12-12 21:36:01
304,513,22,10,2,2023-01-27 00:08:49
305,110,657,10,1,2023-09-17 10:32:34
306,593,857,11,4,2022-11-17 10:07:32
307,690,431,13,2,2023-02-06 23:22:35
308,783,675,13,2,2022-12-23 23:55:23
309,195,365,11,4,2023-04-24 02:39:24
310,186,562,9,2,2023-05-22 23:05:36
311,585,728,11,3,2023-10-01 06:35:33
312,486,200,11,3,2023-10-06 18:44:04
313,435,507,11,2,2023-07-20 11:35:21
314,727,900,11,1,2023-01-30 04:38:20
315,46,650,13,2,2023-12-03 11:26:07
316,95,262,13,4,2023-12-13 12:27:08
317,373,476,9,4,2023-06-02 00:02:00
318,79,738,11,2,2023-07-11 05:58:31
319,866,19,13,1,2023-01-28 18:01:05
320,717,555,13,2,2023-04-22 00:23:44
321,566,765,11,1,2023-10-17 15:33:55
322,572,404,13,4,2023-02-09 20:58:03
323,287,255,9,2,2022-11-24 06:25:34
324,768,761,12,3,2023-04-11 23:57:41
325,85,549,10,3,2023-09-22 12:09:07
326,67,515,11,4,2023-04-16 12:57:51
327,408,42,13,4,2023-02-05 20:38:50
328,276,715,12,2,2023-03-10 17:35:56
329,496,249,12,3,2023-03-16 17:38:20
330,133,787,11,1,2023-03-07 16:21:06
331,420,776,11,1,2023-10-03 06:48:15
332,826,165,12,3,2023-10-02 02:28:16
333,42,265,13,3,2023-09-01 12:28:31
334,690,262,10,3,2023-01-17 05:03:05
335,860,134,10,4,2023-10-10 13:22:19
336,752,821,9,2,2023-10-14 07:06:54
337,603,777,12,1,2023-07-19 15:51:00
338,114,577,13,1,2023-10-19 16:11:54
339,844,846,9,1,2023-03-02 15:05:36
340,891,585,13,3,2023-11-21 22:17:49
341,474,691,12,4,2023-01-23 23:03:35
342,550,92,12,1,2023-01-06 18:01:11
343,393,261,13,1,2023-09-25 23:42:58
344,12,397,12,3,2023-10-16 02:06:57
345,195,800,10,1,2022-10-27 23:14:45
346,371,15,11,2,2022-11-06 10:35:55
347,326,43,11,3,2023-04-12 16:18:31
348,884,425,11,3,2022-12-17 01:05:22
349,872,648,10,3,2023-12-14 03:45:02
350,320,85,12,4,2023-08-18 07:58:10
351,484,201,13,1,2023-11-28 01:25:07
352,686,669,12,1,2023-11-14 01:37:32
353,9,635,12,4,2023-11-02 13:58:19
354,727,211,9,2,2022-11-21 00:40:26
355,402,425,11,1,2023-03-10 04:15:39
356,259,798,10,4,2023-05-17 21:27:19
357,195,848,9,1,2023-01-28 16:58:23
358,695,719,9,1,2023-04-22 11:14:42
359,485,311,9,2,2022-12-19 04:12:42
360,602,22,13,2,2023-11-29 17:41:18
361,754,115,11,1,2023-01-15 15:18:09
362,707,639,13,3,2023-02-11 00:53:10
363,489,307,9,3,2023-01-09 17:04:47
364,161,241,11,1,2023-04-29 19:22:50
365,777,440,10,4,2022-12-12 06:12:13
366,472,549,11,2,2023-10-16 14:30:19
367,306,383,10,3,2023-10-03 07:02:01
368,361,259,13,4,2023-06-05 11:59:26
369,758,595,13,2,2022-11-02 07:27:30
370,142,839,13,2,2022-11-26 00:17:21
371,351,410,13,4,2023-02-28 09:52:42
372,144,12,10,1,2023-11-26 06:24:24
373,684,245,10,3,2023-09-18 14:38:58
374,374,286,9,1,2023-11-01 14:41:38
375,287,411,9,3,2023-10-01 04:07:17
376,287,780,9,3,2023-04-27 09:31:07
377,670,276,12,3,2023-09-24 17:41:28
378,854,72,10,1,2022-12-02 00:43:55
379,519,395,9,1,2023-01-01 09:40:40
380,865,288,13,2,2023-12-17 16:33:09
381,122,44,11,1,2023-07-15 04:21:53
382,388,682,12,3,2023-10-30 07:48:46
383,545,430,9,3,2023-06-23 09:56:42
384,25,161,13,2,2023-05-19 23:04:59
385,552,363,10,3,2023-06-10 06:59:21
386,189,217,12,3,2023-07-12 14:59:36
387,606,212,12,3,2023-12-19 05:50:15
388,221,92,11,4,2023-08-07 06:31:04
389,511,34,9,2,2023-10-13 22:47:59
390,543,394,11,4,2023-03-10 17:18:10
391,833,215,13,2,2023-10-27 19:46:48
392,639,298,10,4,2022-11-24 05:55:27
393,603,497,10,4,2023-10-08 16:16:15
394,871,855,13,3,2022-11-04 06:15:36
395,337,331,12,4,2023-06-27 10:13:06
396,870,463,9,2,2023-04-19 08:41:28
397,230,856,12,4,2023-02-13 01:30:24
398,567,515,12,2,2023-12-15 08:19:38
399,475,567,12,1,2023-06-12 11:38:13
400,694,340,13,3,2023-06-20 10:00:36
401,784,584,11,4,2023-12-11 06:28:08
402,899,6,11,1,2023-06-01 20:09:26
403,686,446,13,3,2023-01-22 14:56:18
404,808,235,11,3,2023-08-19 21:19:06
405,729,78,11,2,2023-04-29 13:56:28
406,264,643,11,4,2023-08-28 23:48:55
407,298,890,10,4,2023-12-10 06:06:17
408,428,389,11,2,2023-03-19 00:26:37
409,312,535,9,3,2023-12-10 22:18:00
410,422,72,10,4,2023-08-16 06:47:23
411,720,464,10,2,2023-10-19 14:10:36
412,142,357,10,1,2023-05-11 13:13:03
413,75,497,10,2,2023-08-11 04:29:16
414,379,130,12,1,2023-09-17 09:19:54
415,447,197,12,2,2023-12-21 02:35:14
416,193,815,12,2,2023-01-24 21:47:50
417,249,896,11,2,2023-01-19 19:17:03
418,53,816,13,1,2023-05-26 14:55:06
419,21,823,11,4,2023-07-12 20:38:38
420,192,10,12,2,2023-11-07 22:47:12
421,834,643,10,4,2023-04-01 07:52:50
422,577,307,12,2,2023-01-01 22:47:06
423,490,787,11,3,2023-06-07 14:21:45
424,480,875,9,1,2023-08-17 17:26:46
425,144,815,11,3,2023-02-01 07:16:46
426,671,678,13,1,2023-12-21 21:44:34
427,870,870,9,4,2023-03-27 23:26:24
428,151,575,13,2,2023-08-08 16:40:08
429,540,362,10,3,2023-04-08 10:08:15
430,122,647,11,2,2022-10-27 18:09:09
431,366,722,13,3,2023-04-12 16:19:28
432,291,382,12,4,2023-01-11 03:16:19
433,882,831,13,4,2023-10-09 06:32:00
434,721,402,13,1,2023-07-21 03:00:49
435,758,659,11,4,2023-06-14 08:37:04
436,54,242,12,2,2023-11-17 23:47:33
437,299,501,10,3,2023-01-12 15:07:35
438,465,668,11,4,2023-02-25 05:11:01
439,898,831,10,4,2023-03-30 13:21:51
440,646,552,13,3,2023-12-21 06:45:05
441,864,101,11,1,2023-05-09 02:14:19
442,328,742,13,1,2023-09-13 09:21:45
443,722,74,9,1,2023-10-16 17:47:36
444,840,495,9,1,2023-12-27 09:51:41
445,652,514,9,4,2023-05-30 09:43:53
446,501,331,10,3,2022-12-26 20:08:45
447,165,468,10,1,2023-02-09 18:04:51
448,403,399,11,3,2023-10-22 00:17:12
449,140,773,10,1,2023-05-29 19:44:54
450,791,461,9,2,2023-04-12 21:22:42
451,11,893,10,4,2023-04-17 23:12:47
452,695,845,10,2,2022-11-16 22:57:48
453,235,353,11,4,2022-12-16 07:52:00
454,342,383,11,2,2023-06-07 13:37:10
455,515,549,13,1,2023-07-03 14:29:18
456,445,42,11,2,2023-06-29 12:22:01
457,745,323,9,3,2023-10-17 03:22:57
458,238,36,13,2,2022-11-11 23:14:40
459,838,482,10,4,2023-09-30 18:45:40
460,647,482,9,2,2023-03-23 09:42:34
461,849,526,9,4,2023-08-04 00:09:45
462,65,332,13,1,2023-09-22 18:51:04
463,343,39,9,2,2022-12-01 14:49:12
464,400,517,12,2,2023-01-12 09:06:48
465,206,71,13,4,2023-04-06 04:40:25
466,891,118,12,2,2023-04-12 08:53:19
467,417,769,12,2,2023-08-20 09:14:10
468,85,400,12,3,2023-05-15 05:39:10
469,890,232,9,2,2023-02-16 10:04:05
470,830,436,12,4,2023-02-27 18:41:46
471,588,107,11,1,2023-07-08 21:32:46
472,687,103,10,3,2023-06-10 05:31:29
473,675,835,13,3,2023-12-03 12:32:39
474,347,525,12,1,2023-02-21 12:44:45
475,241,482,13,2,2023-03-08 10:48:38
476,625,862,13,2,2022-10-25 13:52:25
477,516,308,13,4,2023-02-17 13:51:38
478,704,685,9,3,2023-04-11 16:41:47
479,354,863,13,3,2022-11-05 12:17:54
480,799,621,9,4,2023-11-27 09:58:26
481,563,364,9,1,2023-04-12 16:57:08
482,462,705,13,4,2022-12-31 11:59:37
483,434,51,9,4,2023-01-31 06:24:25
484,669,400,12,4,2023-06-02 23:56:58
485,326,218,11,4,2023-12-06 19:18:56
486,323,157,12,4,2023-11-20 00:22:09
487,577,196,10,2,2023-03-08 09:52:47
488,832,168,10,4,2023-07-28 23:01:12
489,515,833,9,2,2023-04-29 12:23:32
490,548,57,10,1,2023-01-03 06:49:37
491,512,478,13,3,2023-02-21 23:22:28
492,420,693,11,2,2023-01-10 10:16:22
493,198,683,10,3,2023-09-29 11:24:01
494,379,420,11,2,2023-06-05 03:12:13
495,254,756,9,4,2023-02-03 16:10:29
496,26,526,10,3,2023-08-24 19:19:55
497,178,18,12,4,2022-12-23 07:47:06
498,284,205,10,4,2023-06-22 02:59:06
499,144,177,10,1,2023-10-04 04:22:34
500,278,212,11,3,2023-01-06 18:06:47
501,663,885,11,1,2023-11-17 00:50:52
502,352,503,11,2,2023-10-16 10:48:24
503,899,594,12,1,2023-07-24 18:40:15
504,486,137,11,2,2022-12-28 01:49:46
505,513,550,12,3,2023-06-22 02:01:13
506,582,456,9,2,2023-10-27 11:49:55
507,15,431,12,3,2023-07-31 04:35:45
508,613,394,9,1,2023-10-26 05:53:24
509,370,108,10,1,2023-09-08 03:10:35
510,813,143,12,4,2023-12-19 15:49:24
511,309,531,11,4,2023-11-29 14:49:51
512,613,585,10,2,2023-04-04 06:05:54
513,43,104,13,3,2023-09-20 17:13:42
514,675,659,12,4,2023-02-16 16:31:21
515,294,285,9,4,2022-12-28 14:12:50
516,498,76,12,3,2023-01-09 01:16:59
517,587,337,9,1,2023-10-25 13:02:49
518,368,313,9,3,2023-01-21 01:12:20
519,497,234,11,3,2023-06-16 11:09:40
520,181,308,12,3,2022-12-31 10:48:13
521,352,136,11,4,2023-05-26 14:56:47
522,435,897,9,1,2023-12-09 06:24:34
523,439,41,13,1,2023-01-23 00:35:12
524,363,564,10,1,2023-02-06 22:07:04
525,89,287,11,4,2022-11-29 05:22:34
526,62,460,11,2,2023-02-14 08:37:25
527,630,165,12,2,2022-11-28 12:59:16
528,744,367,13,2,2023-05-16 02:25:20
529,447,217,9,2,2023-06-04 06:18:50
530,119,439,11,3,2023-03-18 00:29:11
531,775,852,10,3,2023-06-11 12:30:52
532,178,821,9,4,2022-12-21 04:06:04
533,128,708,9,1,2022-11-02 19:26:30
534,2,75,10,1,2023-07-08 10:13:55
535,177,217,10,1,2023-09-26 06:39:56
536,248,81,12,2,2023-06-11 21:56:52
537,5,337,11,3,2022-12-07 20:48:09
538,799,421,9,4,2023-07-26 09:18:42
539,511,463,13,3,2023-01-31 05:21:57
540,554,746,12,1,2023-08-04 05:35:25
541,711,137,12,2,2023-05-17 21:53:48
542,862,761,9,2,2022-12-12 05:08:38
543,95,507,10,4,2023-11-14 14:06:02
544,164,459,9,2,2022-11-03 10:56:49
545,210,679,9,1,2023-07-27 15:03:42
546,242,191,11,1,2023-09-06 11:09:34
547,199,85,12,3,2022-11-20 16:25:33
548,573,163,11,2,2023-09-13 06:15:44
549,225,362,12,4,2023-01-06 19:08:26
550,335,829,9,3,2023-05-06 19:12:47
551,618,544,12,2,2022-11-07 20:57:35
552,463,614,10,4,2023-12-28 13:25:21
553,424,132,12,1,2023-05-14 18:22:29
554,760,298,10,2,2022-11-18 11:32:49
555,760,241,11,4,2023-07-02 00:56:06
556,844,173,10,2,2023-04-15 20:09:42
557,90,30,10,1,2023-01-22 05:15:21
558,776,421,9,2,2023-10-19 10:40:18
559,882,584,12,2,2023-12-04 01:11:09
560,214,5,10,3,2023-01-22 11:11:06
561,306,726,13,2,2023-08-06 16:30:45
562,119,309,9,2,2022-11-26 11:03:57
563,402,70,11,2,2023-10-04 14:03:04
564,19,878,12,2,2023-01-20 03:04:02
565,735,791,10,2,2023-08-21 16:16:49
566,412,655,10,1,2023-01-01 04:28:05
567,753,868,13,3,2022-11-17 23:42:59
568,311,659,13,3,2023-04-01 20:10:55
569,710,783,13,1,2023-08-05 01:48:35
570,606,664,10,1,2023-09-15 05:10:06
571,464,340,9,4,2023-11-27 20:41:52
572,244,59,10,1,2023-01-04 23:06:45
573,448,810,9,1,2023-10-14 12:11:26
574,373,477,13,2,2023-07-06 05:35:53
575,559,7,12,2,2023-11-02 21:38:56
576,442,432,10,1,2023-03-05 09:35:22
577,194,786,12,3,2023-08-07 03:20:21
578,829,837,13,1,2023-10-17 09:21:19
579,201,188,10,3,2022-12-29 08:17:29
580,327,604,11,4,2022-11-28 11:54:42
581,1,57,11,1,2023-03-17 18:50:00
582,309,612,13,4,2023-08-08 03:28:35
583,870,285,9,4,2023-09-26 00:12:55
584,322,687,13,4,2023-10-24 11:30:44
585,144,137,9,3,2023-01-29 17:24:29
586,66,104,12,3,2023-01-16 10:04:54
587,221,783,9,1,2023-11-06 03:57:34
588,800,92,11,4,2023-04-26 08:40:31
589,477,884,12,1,2023-10-13 14:26:44
590,490,676,9,2,2023-05-24 17:59:23
591,72,515,11,2,2023-09-27 02:55:26
592,607,789,10,2,2022-11-13 19:47:10
593,871,561,12,3,2023-07-05 10:05:55
594,814,727,13,2,2023-10-12 10:12:14
595,613,476,12,1,2023-05-28 19:48:29
596,349,314,12,3,2023-05-18 04:38:02
597,373,698,10,2,2022-12-22 10:58:19
598,459,726,12,1,2023-01-13 03:49:01
599,89,269,11,3,2023-05-27 09:09:24
600,856,754,13,1,2023-03-23 18:43:00
601,22,859,9,4,2022-12-11 16:28:58
602,528,156,13,3,2023-08-17 12:20:52
603,508,859,12,3,2023-04-29 00:35:36
604,508,508,9,1,2023-07-18 09:59:52
605,112,378,9,4,2023-09-09 18:20:40
606,275,476,9,4,2023-06-01 14:43:04
607,586,562,10,2,2022-12-24 01:35:39
608,662,17,12,1,2023-08-31 13:39:39
609,421,740,13,3,2023-01-12 22:17:24
610,564,49,9,2,2023-01-12 17:23:53
611,601,122,13,1,2023-09-22 09:49:05
612,714,26,12,4,2023-10-23 13:32:43
613,21,597,13,1,2023-07-26 15:22:39
614,481,852,9,1,2023-05-03 13:26:01
615,740,461,11,4,2023-01-29 12:52:43
616,883,896,13,3,2023-02-23 18:07:10
617,197,724,12,1,2023-09-01 04:47:35
618,361,526,13,1,2023-07-15 10:47:39
619,94,807,13,4,2023-12-07 18:30:07
620,337,575,11,1,2022-11-22 07:01:07
621,402,230,13,2,2023-11-08 04:55:37
622,581,266,11,4,2023-01-03 06:50:54
623,753,335,13,2,2023-03-03 09:10:28
624,371,731,12,3,2023-02-02 13:20:41
625,776,654,12,3,2023-06-10 01:49:06
626,329,178,12,2,2022-12-25 17:36:13
627,250,6,10,4,2023-06-19 13:49:39
628,855,623,9,2,2022-11-26 04:03:43
629,219,231,12,3,2023-03-27 02:32:42
630,524,210,10,1,2023-09-15 06:24:22
631,374,130,12,4,2023-07-10 12:42:08
632,239,770,13,2,2023-11-19 15:23:28
633,414,870,11,4,2022-12-11 17:21:49
634,36,858,11,3,2023-10-31 14:39:54
635,716,258,10,1,2023-06-15 18:04:31
636,335,368,11,3,2023-01-17 09:48:10
637,92,805,12,4,2023-01-26 12:39:54
638,420,852,13,4,2023-06-08 17:04:58
639,281,855,10,4,2023-11-15 09:10:44
640,116,394,12,3,2023-03-07 17:47:33
641,686,198,11,2,2023-11-29 20:31:35
642,365,206,12,2,2023-10-06 00:01:16
643,436,293,10,4,2022-11-21 17:22:06
644,841,316,12,1,2023-05-21 06:18:57
645,223,511,13,1,2022-11-18 23:33:59
646,736,46,9,3,2023-07-01 18:48:07
647,588,327,12,1,2023-07-17 05:58:20
648,808,195,11,4,2022-11-18 22:58:53
649,118,647,13,3,2023-10-26 00:47:59
650,70,369,10,1,2023-01-23 19:57:31
651,337,139,11,4,2023-11-12 02:07:16
652,223,898,10,1,2023-11-27 15:32:56
653,862,308,13,3,2023-02-13 07:18:19
654,234,688,13,1,2023-09-21 05:01:37
655,285,538,12,1,2023-11-25 09:59:30
656,504,831,11,4,2023-12-11 12:03:23
657,653,130,12,4,2023-04-06 20:24:27
658,464,757,13,3,2023-07-10 06:48:51
659,224,505,12,3,2023-03-18 11:54:41
660,381,547,9,1,2023-02-22 02:00:41
661,897,454,9,3,2023-03-06 20:52:19
662,656,823,13,3,2023-08-02 16:03:45
663,562,723,13,3,2023-07-07 03:02:09
664,321,700,9,2,2023-10-19 07:52:14
665,115,411,10,1,2023-03-18 07:33:13
666,580,698,9,4,2023-09-09 14:11:28
667,376,580,13,4,2023-01-05 06:24:36
668,245,76,13,2,2023-10-26 12:38:43
669,850,111,10,2,2023-01-08 00:13:19
670,854,252,11,3,2023-06-08 02:16:29
671,92,593,10,1,2023-02-07 03:28:30
672,200,81,13,2,2023-09-08 09:44:55
673,613,287,11,2,2023-05-18 05:51:12
674,690,415,9,3,2022-10-29 12:15:50
675,108,624,12,3,2022-11-08 15:31:50
676,578,411,9,2,2023-10-18 13:00:17
677,806,97,10,4,2022-11-28 09:37:21
678,622,775,9,4,2022-12-12 01:26:06
679,813,705,13,2,2023-07-14 05:03:27
680,214,555,9,3,2023-05-27 14:25:05
681,41,546,10,2,2022-12-11 01:01:47
682,606,293,13,2,2023-02-04 04:33:15
683,364,598,13,4,2023-08-18 22:06:32
684,716,413,9,3,2023-05-16 17:58:24
685,776,280,12,3,2022-11-15 00:22:41
686,706,151,11,2,2023-08-17 15:38:35
687,536,251,12,1,2022-12-08 23:42:15
688,216,162,10,1,2023-07-04 19:12:46
689,163,156,10,3,2023-05-13 22:51:12
690,117,6,13,1,2022-11-23 09:36:07
691,733,161,12,1,2022-12-31 13:55:52
692,301,300,12,2,2023-12-14 19:33:12
693,413,102,11,4,2023-01-31 23:20:57
694,37,250,13,2,2023-11-01 04:01:36
695,20,603,11,2,2023-06-19 19:50:21
696,376,433,12,4,2022-12-04 07:09:53
697,230,897,9,2,2023-03-15 07:48:20
698,557,202,11,2,2023-04-06 05:55:57
699,864,182,9,2,2023-10-05 03:08:43
700,72,553,10,1,2023-04-27 05:31:33
701,497,162,10,3,2023-11-04 07:18:44
702,236,324,10,2,2022-11-06 23:13:31
703,618,423,9,4,2023-02-02 06:54:20
704,182,306,9,3,2022-11-05 23:02:09
705,839,360,10,2,2023-06-19 16:29:58
706,54,90,11,1,2023-02-26 01:46:42
707,724,547,13,4,2023-04-23 10:40:16
708,9,150,9,3,2023-09-03 20:52:29
709,393,288,10,1,2022-12-20 23:08:43
710,886,794,11,4,2023-03-13 06:20:34
711,184,337,13,3,2023-03-29 07:17:27
712,303,137,9,4,2023-12-05 11:46:40
713,812,679,11,4,2023-04-13 09:59:51
714,827,250,11,2,2023-06-27 12:30:13
715,805,293,12,1,2023-08-24 05:03:35
716,238,894,13,3,2022-12-11 03:28:14
717,112,575,11,1,2022-12-18 23:08:05
718,796,843,11,3,2023-05-30 05:22:48
719,622,340,12,2,2023-08-23 00:57:51
720,352,290,10,1,2023-09-28 14:53:19
721,108,490,13,4,2023-07-23 01:55:04
722,811,431,13,2,2023-11-21 22:48:42
723,287,576,11,2,2023-07-19 09:19:01
724,773,743,11,4,2023-05-14 18:01:04
725,666,35,13,2,2023-02-23 08:28:21
726,202,886,13,3,2023-11-04 01:21:17
727,755,571,13,1,2023-07-24 11:02:19
728,314,408,9,3,2023-02-07 08:04:55
729,63,119,10,3,2023-01-16 11:41:15
730,344,230,10,1,2023-08-11 04:43:53
731,350,196,9,4,2023-06-17 23:44:16
732,350,20,12,3,2022-11-22 07:45:10
733,64,285,13,4,2022-12-29 20:25:32
734,762,657,9,3,2023-02-09 04:34:40
735,318,879,12,2,2022-11-23 04:02:49
736,429,322,13,2,2023-04-29 09:12:58
737,128,817,13,1,2023-06-14 20:19:33
738,151,233,10,1,2023-12-03 12:19:36
739,328,414,13,3,2023-07-27 05:57:05
740,77,130,12,4,2023-12-05 00:00:49
741,342,301,9,4,2023-02-09 20:37:13
742,27,171,12,2,2023-06-28 01:17:02
743,647,618,9,1,2023-04-12 15:13:41
744,122,631,13,2,2022-12-30 20:47:59
745,745,649,13,4,2023-06-11 12:13:26
746,84,697,13,1,2023-05-20 16:30:52
747,163,584,9,4,2023-11-30 19:19:43
748,877,575,9,2,2023-08-04 10:50:22
749,859,866,11,4,2023-04-15 04:03:02
750,74,865,9,2,2023-10-06 03:05:28
751,189,271,10,1,2023-09-02 12:17:21
752,688,598,10,1,2023-11-17 23:00:46
753,353,156,12,3,2023-10-15 18:02:20
754,250,5,10,2,2023-12-21 02:34:18
755,91,275,9,3,2023-04-02 00:10:54
756,544,45,11,3,2023-06-26 20:08:54
757,68,685,9,3,2023-03-23 22:29:01
758,746,731,10,3,2022-12-14 21:57:28
759,674,159,12,2,2023-10-28 10:43:35
760,714,386,9,4,2023-06-16 01:15:12
761,126,404,13,4,2023-10-30 14:11:23
762,688,319,13,1,2023-03-28 23:34:25
763,229,574,9,1,2022-11-20 17:55:14
764,525,568,10,2,2023-10-19 00:17:48
765,462,482,13,3,2022-10-25 12:51:42
766,348,387,10,1,2023-08-13 12:50:58
767,694,533,11,1,2023-11-20 12:32:29
768,368,815,11,4,2023-05-03 18:51:01
769,442,272,13,4,2023-09-19 14:16:09
770,141,292,9,4,2023-03-12 22:33:49
771,890,65,10,4,2023-04-10 06:19:37
772,32,85,9,1,2023-07-24 05:06:57
773,266,487,12,2,2023-04-12 03:29:00
774,154,414,11,4,2023-03-06 20:49:34
775,50,569,12,3,2023-11-08 22:10:06
776,497,877,9,2,2022-10-29 21:06:02
777,372,775,10,4,2023-11-23 07:58:39
778,759,892,13,3,2023-12-02 07:27:52
779,218,522,13,4,2023-02-03 21:25:54
780,832,46,10,4,2023-07-13 19:11:40
781,833,365,11,2,2023-11-29 02:56:40
782,336,545,12,1,2023-11-25 20:41:57
783,374,310,12,2,2023-05-05 17:24:26
784,381,478,12,4,2023-12-11 12:45:13
785,408,234,11,4,2023-02-21 20:11:13
786,745,269,9,4,2023-07-01 00:44:28
787,782,436,13,2,2023-04-03 14:18:19
788,575,712,9,3,2023-12-05 08:03:35
789,71,128,10,3,2023-03-12 09:37:34
790,97,351,13,3,2023-02-22 03:48:46
791,658,830,12,1,2023-11-22 21:01:22
792,435,807,12,2,2023-09-03 23:50:31
793,252,325,12,3,2023-05-03 05:57:11
794,609,654,13,3,2023-02-26 21:21:41
795,479,226,10,3,2023-01-19 23:47:20
796,467,568,9,2,2023-07-13 19:53:17
797,579,654,9,1,2023-07-25 07:20:48
798,867,593,10,4,2023-07-23 11:56:53
799,188,518,13,2,2023-06-24 04:03:06
800,592,140,12,1,2023-10-01 08:46:39
801,472,647,13,3,2023-07-09 14:38:50
802,111,685,9,1,2022-10-26 20:44:43
803,675,296,10,1,2023-09-23 08:30:35
804,90,370,12,4,2022-11-16 04:33:25
805,311,849,13,2,2023-10-28 10:56:59
806,253,657,9,4,2023-12-29 15:28:59
807,794,138,10,3,2022-12-18 04:11:27
808,216,337,12,3,2023-12-08 01:32:55
809,283,824,11,4,2022-12-21 13:29:28
810,724,384,10,4,2023-10-29 20:26:16
811,227,358,11,1,2023-03-11 01:15:58
812,686,455,10,3,2023-05-06 16:05:53
813,544,778,10,1,2023-11-09 02:07:30
814,746,12,13,2,2023-04-04 04:53:24
815,222,403,12,1,2023-12-16 16:52:19
816,287,376,10,2,2023-09-20 14:55:08
817,620,357,13,1,2023-03-20 10:59:03
818,49,216,9,2,2023-11-22 02:33:39
819,878,692,13,3,2022-12-05 11:42:21
820,448,57,10,2,2023-12-15 12:56:05
821,749,649,13,4,2023-04-03 13:44:26
822,47,665,9,1,2023-12-17 19:00:41
823,48,759,9,1,2023-10-14 21:27:12
824,803,336,10,4,2023-02-12 18:34:33
825,552,702,9,2,2023-04-05 14:27:46
826,57,42,10,1,2023-07-17 08:17:37
827,116,83,11,4,2023-07-07 23:31:18
828,256,840,10,2,2023-01-28 09:05:25
829,107,619,12,4,2022-12-01 19:18:20
830,28,693,9,4,2023-03-12 19:22:16
831,476,6,10,1,2023-03-27 08:51:25
832,511,691,9,3,2023-03-31 22:38:20
833,392,587,13,1,2023-07-03 19:43:17
834,201,239,9,1,2023-01-17 20:16:03
835,227,320,11,1,2023-03-12 09:22:04
836,871,402,12,1,2022-11-12 09:08:12
837,271,400,12,4,2023-05-18 15:20:45
838,403,356,11,4,2023-02-27 06:17:56
839,210,94,11,2,2023-06-05 22:55:07
840,371,103,13,2,2023-05-20 06:54:33
841,596,763,12,2,2023-12-28 06:40:52
842,686,541,12,4,2023-04-14 19:12:23
843,201,558,9,3,2023-09-06 21:22:02
844,48,676,12,1,2023-03-01 17:53:16
845,401,158,13,1,2023-09-30 18:16:10
846,241,53,12,4,2023-08-11 16:38:34
847,7,841,12,2,2023-10-14 06:53:31
848,498,387,9,2,2023-02-21 22:11:11
849,27,245,13,3,2023-12-16 12:07:08
850,745,87,12,3,2023-04-16 03:45:41
851,85,454,12,3,2023-10-07 08:32:35
852,291,675,11,4,2023-10-26 04:40:55
853,302,310,12,2,2023-08-20 21:44:00
854,662,148,9,4,2023-11-17 21:05:32
855,149,623,13,3,2023-03-20 02:11:47
856,375,443,10,2,2023-12-01 13:13:01
857,40,136,12,3,2022-11-16 00:10:42
858,757,721,10,1,2023-03-29 22:46:09
859,57,844,10,2,2022-12-13 13:32:13
860,48,384,11,2,2023-01-16 21:14:41
861,315,30,12,3,2023-07-26 16:14:33
862,490,858,9,1,2023-08-23 17:59:28
863,648,776,9,3,2022-11-09 16:22:49
864,759,205,11,2,2023-07-11 01:50:32
865,515,34,12,4,2023-05-25 13:02:55
866,486,151,11,4,2023-01-17 04:51:51
867,852,887,9,2,2023-06-17 13:28:42
868,152,579,11,4,2023-09-07 07:05:43
869,782,336,12,4,2023-10-27 01:50:16
870,450,639,13,4,2022-12-14 05:20:52
871,886,858,11,2,2023-01-25 05:45:33
872,733,257,12,1,2023-04-21 22:02:44
873,660,549,9,3,2023-12-05 12:00:52
874,176,571,11,3,2023-07-10 20:24:19
875,607,168,13,2,2023-01-04 09:58:11
876,599,619,11,4,2023-01-05 21:41:26
877,799,577,10,1,2023-06-27 15:17:43
878,712,668,11,2,2023-05-21 19:43:27
879,511,604,12,1,2023-10-22 01:00:31
880,345,634,13,1,2023-12-19 18:54:51
881,148,274,11,1,2023-12-06 06:39:15
882,447,582,11,4,2023-01-30 22:39:13
883,552,586,11,4,2022-11-06 11:18:44
884,365,585,10,1,2022-11-02 06:01:09
885,223,367,12,1,2023-12-10 08:17:26
886,869,235,13,4,2023-10-04 18:39:24
887,431,785,9,1,2023-04-07 00:09:18
888,351,815,11,3,2022-11-03 23:12:33
889,556,746,11,3,2023-05-17 15:31:02
890,356,385,10,1,2023-06-27 04:51:01
891,508,132,9,2,2023-12-17 19:52:56
892,587,404,13,1,2023-03-08 17:22:19
893,886,636,12,2,2022-12-12 04:15:09
894,711,41,9,2,2023-10-27 12:29:11
895,879,655,9,2,2023-11-27 01:35:32
896,849,824,10,2,2022-11-23 01:59:21
897,895,889,13,2,2022-11-02 05:01:45
898,584,797,13,4,2023-04-18 22:39:28
899,391,781,10,3,2022-12-18 10:04:08
900,185,837,10,2,2023-01-19 07:40:25
901,532,524,10,1,2022-12-08 19:13:42
902,428,298,10,2,2023-07-25 18:21:15
903,287,484,13,2,2023-10-15 10:55:19
904,877,22,13,3,2022-11-05 14:17:26
905,741,63,9,1,2023-10-26 00:49:47
906,568,863,13,4,2022-12-14 02:56:05
907,39,797,12,1,2022-11-15 09:23:27
908,5,412,13,4,2023-08-17 02:01:23
909,364,238,9,2,2023-06-02 18:15:42
910,381,554,12,2,2023-03-02 19:46:51
911,288,660,11,3,2023-01-05 15:30:58
912,103,205,12,2,2023-02-14 20:36:27
913,273,715,12,3,2023-07-28 23:21:09
914,503,61,11,1,2023-02-27 12:48:12
915,470,790,12,4,2023-12-22 14:56:53
916,512,769,11,2,2023-06-09 09:12:10
917,728,556,10,3,2023-06-15 07:45:35
918,515,289,12,4,2023-09-08 17:54:08
919,683,309,13,1,2023-02-13 03:06:34
920,648,574,9,3,2022-11-25 05:15:23
921,663,345,13,1,2023-07-02 15:18:52
922,607,663,11,4,2023-04-29 09:21:29
923,737,172,9,2,2023-06-02 05:54:57
924,401,287,10,2,2023-08-26 11:34:09
925,185,135,9,2,2023-01-23 11:15:51
926,561,672,11,3,2023-01-09 19:52:37
927,716,360,9,3,2023-04-22 16:38:16
928,695,130,10,2,2022-12-12 16:08:49
929,291,488,11,2,2023-06-30 15:20:40
930,52,118,12,2,2023-08-26 04:13:43
931,675,111,11,1,2023-05-13 12:21:44
932,299,531,9,4,2023-11-13 19:48:26
933,156,350,10,1,2023-03-23 18:50:28
934,285,102,12,2,2023-03-17 23:07:24
935,286,744,13,2,2023-06-25 06:05:32
936,673,879,12,4,2023-02-24 06:59:09
937,822,246,11,4,2022-11-23 04:10:23
938,42,165,11,3,2022-11-01 03:22:31
939,457,495,13,3,2023-08-25 15:07:35
940,657,700,13,1,2023-06-04 04:36:39
941,339,487,12,3,2022-12-27 10:16:34
942,872,207,9,1,2023-03-11 05:36:19
943,860,66,12,2,2023-02-18 01:50:00
944,625,95,10,3,2023-08-12 13:11:54
945,798,497,12,4,2023-08-13 22:54:27
946,667,416,13,4,2023-12-15 07:23:58
947,623,445,10,2,2023-02-24 13:03:42
948,524,386,10,1,2023-12-04 20:00:59
949,167,347,11,3,2022-11-16 23:23:06
950,77,345,10,3,2023-07-11 23:16:28
951,425,438,12,2,2023-11-11 04:03:45
952,712,388,13,2,2023-09-29 04:14:27
953,200,327,11,1,2023-01-23 10:24:33
954,120,606,10,2,2023-01-09 14:38:32
955,523,567,12,3,2023-11-13 01:51:34
956,30,787,11,2,2023-03-13 08:57:51
957,398,330,13,3,2023-08-06 19:07:18
958,660,542,9,4,2023-08-15 03:36:02
959,335,87,9,4,2023-11-14 21:00:32
960,449,266,11,1,2022-12-27 07:42:25
961,420,666,10,3,2022-10-28 17:08:34
962,292,74,11,1,2023-04-30 23:42:34
963,487,378,13,1,2023-02-15 04:56:53
964,218,814,10,4,2022-11-17 01:53:58
965,836,331,11,2,2022-10-29 21:48:39
966,364,694,11,2,2022-11-06 13:06:42
967,709,703,10,2,2023-01-07 13:04:36
968,559,257,9,2,2022-11-06 08:13:41
969,256,390,12,4,2023-08-01 22:48:33
970,179,536,9,2,2023-06-26 15:12:49
971,821,492,9,2,2023-09-08 02:03:26
972,142,656,12,2,2023-04-10 14:18:49
973,651,108,11,4,2023-12-19 03:01:14
974,165,603,12,1,2023-07-19 01:01:05
975,537,310,11,2,2023-10-09 22:57:39
976,833,601,9,4,2023-01-19 22:16:13
977,98,161,9,4,2023-07-30 19:09:52
978,397,690,11,3,2023-09-23 23:32:25
979,565,318,9,3,2023-03-18 12:20:04
980,446,888,10,2,2023-09-15 21:18:40
981,704,15,10,3,2023-07-15 07:14:18
982,359,595,10,3,2023-12-21 13:43:28
983,151,298,13,4,2023-05-14 19:04:59
984,699,386,12,1,2023-02-19 05:02:58
985,273,702,10,3,2023-01-21 02:08:48
986,2,298,11,3,2022-11-01 21:42:59
987,595,632,11,2,2023-12-16 03:40:05
988,304,371,12,3,2023-01-07 05:41:54
989,44,675,9,3,2023-05-02 19:53:15
990,140,829,9,1,2022-12-09 08:25:48
991,711,443,10,1,2023-11-05 03:22:29
992,755,533,9,4,2023-03-15 10:48:10
993,459,113,10,2,2023-02-16 00:44:06
994,463,81,10,3,2023-03-18 11:41:55
995,422,229,13,4,2023-02-18 14:53:34
996,744,63,9,1,2023-11-06 19:23:03
997,635,377,12,2,2023-01-21 20:51:57
998,494,423,13,4,2023-09-09 04:17:19
999,52,762,10,4,2023-03-28 23:31:59
1000,650,515,12,1,2022-11-15 08:13:08
